CustomerID,Frequency,Monetary,CustomerLifetimeDays
10000,8,5155.32,206
10001,2,1048.12,318
10002,1,4310.2,367
10003,3,492.99,280
10004,1,434.73,338
10005,2,1884.08,272
10006,4,2182.6,62
10008,4,7552.13,64
10009,2,7945.13,95
10010,1,4727.64,184
10012,1,605.64,297
10013,1,301.84,372
10014,2,187.86,39
10015,4,974.47,176
10016,1,85.04,284
10017,3,3201.21,46
10018,2,1316.15,60
10019,4,1509.75,371
10020,1,537.64,372
10021,1,161.51,146
10022,5,51.45,318
10023,1,156.07,219
10024,1,141.89,371
10025,1,126.06,366
10026,1,1560.48,360
10027,1,353.66,20
10030,3,885.97,318
10031,1,622.98,119
10032,2,2612.47,74
10033,2,780.64,200
10034,1,175.17,231
10035,1,285.73,318
10036,2,566.48,316
10037,1,834.84,226
10038,1,200.22,268
10039,4,108.45,367
10040,2,1079.52,134
10041,3,919.78,233
10042,2,556.41,83
10043,8,230.44,266
10044,5,1552.15,364
10045,1,870.12,371
10046,2,317.88,281
10047,1,541.29,275
10048,2,1868.99,293
10049,3,491.31,78
10051,2,48.85,251
10052,1,187.53,114
10053,1,372.85,372
10054,8,309.74,333
10055,4,103.53,154
10056,8,1373.6,358
10057,1,904.05,60
10058,24,2143.62,372
10059,3,822.38,366
10060,1,301.21,84
10061,2,586.32,360
10063,3,216.38,27
10065,1,2293.75,168
10066,1,258.68,288
10067,4,843.01,136
10068,1,6485.24,66
10069,1,189.56,338
10070,1,5977.14,364
10071,1,1232.67,76
10072,3,576.99,50
10073,2,1116.64,365
10074,4,981.47,359
10075,1,1008.43,231
10076,4,1960.7,336
10078,1,462.02,84
10079,2,144.0,367
10080,3,328.15,175
10081,5,201.57,238
10082,2,96.44,372
10083,8,331.19,288
10084,1,33319.82,308
10085,2,3638.47,286
10086,10,12269.73,366
10087,2,195.3,86
10088,2,216.75,22
10089,1,896.51,283
10091,4,550.26,80
10092,2,901.2,245
10093,1,572.6,319
10094,1,1104.75,23
10096,1,489.05,353
10097,1,538.98,114
10098,2,486.97,363
10099,5,469.0,356
10100,1,2445.96,168
10101,1,480.25,24
10102,8,39.53,171
10103,2,292.75,359
10104,4,388.17,37
10105,6,1468.82,357
10106,6,779.78,81
10107,5,3500.97,205
10108,2,76.55,297
10109,1,798.42,275
10110,4,920.01,255
10112,2,2925.72,182
10113,1,110.38,209
10114,1,183.43,14
10115,4,696.74,212
10116,4,449.6,195
10117,7,1063.9,259
10118,3,436.16,168
10119,1,779.67,365
10120,1,436.14,71
10121,3,2505.56,366
10122,1,4639.49,364
10123,2,867.13,95
10124,6,1673.5,176
10125,1,217.91,205
10126,1,1702.04,366
10127,3,4204.69,364
10128,2,104.96,52
10129,10,1760.23,281
10130,5,490.79,371
10132,2,4289.72,148
10133,1,698.41,277
10134,4,1779.99,28
10135,1,8627.24,21
10136,1,623.45,279
10137,1,292.32,304
10138,1,291.65,20
10139,4,725.66,275
10140,1,654.36,237
10141,4,779.64,357
10142,1,611.27,357
10143,9,1114.99,269
10144,4,814.81,35
10145,2,11175.06,76
10146,1,315.06,85
10147,1,466.06,273
10148,5,199.96,365
10149,2,2801.95,370
10150,6,7351.28,64
10151,1,1089.39,158
10152,2,957.59,260
10153,1,1198.29,204
10154,5,4691.52,237
10155,1,4568.42,44
10156,1,133.55,22
10157,1,283.48,366
10159,2,337.19,81
10160,6,203.19,30
10162,6,292.71,23
10163,4,91.84,301
10164,1,523.93,71
10165,2,3172.91,121
10166,2,944.37,238
10167,1,2463.0,80
10168,7,2242.27,17
10169,1,2488.27,216
10170,1,3444.59,365
10171,1,1021.66,273
10172,4,478.14,213
10173,1,305.09,358
10174,8,600.09,182
10175,5,529.78,171
10176,8,2389.65,238
10177,8,2212.4,302
10178,2,434.97,30
10179,1,16667.17,360
10180,8,52.1,309
10181,1,1660.58,191
10182,4,353.47,368
10183,2,869.88,74
10184,4,20125.22,239
10185,1,341.53,371
10186,9,239.46,59
10187,4,642.01,73
10188,1,1602.07,336
10189,2,117.33,254
10191,13,3652.46,63
10192,1,1462.87,368
10193,8,486.12,283
10194,5,396.87,63
10195,3,517.71,100
10196,1,238.58,295
10197,2,125.59,6
10198,1,228.37,319
10199,3,654.67,290
10200,2,621.23,245
10201,1,417.72,83
10202,1,388.36,366
10203,1,576.02,363
10204,7,276.59,321
10205,1,694.13,42
10206,2,552.0,335
10207,4,3341.96,260
10208,3,556.35,308
10209,1,1951.33,241
10210,3,795.64,370
10212,5,842.52,168
10214,1,570.49,317
10215,2,1057.81,370
10216,1,863.0,367
10218,3,2472.19,28
10219,1,542.17,52
10220,3,72.84,357
10221,2,241.48,224
10222,4,256.78,280
10223,3,305.28,365
10224,8,159.69,63
10225,4,329.57,358
10226,5,634.56,260
10227,1,2725.32,80
10229,2,615.56,52
10230,9,233.22,246
10231,2,847.76,363
10232,2,1196.6,318
10233,2,1286.55,181
10234,5,1985.96,307
10235,1,416.88,358
10237,10,317.93,351
10238,1,401.21,171
10239,6,543.54,201
10240,1,813.71,372
10241,1,526.83,365
10242,1,9717.6,282
10243,5,1509.57,274
10244,4,355.47,293
10245,3,963.16,241
10246,2,1446.03,331
10247,1,1995.86,248
10248,2,799.51,266
10249,7,974.37,368
10250,1,1269.79,161
10251,2,1116.86,295
10252,4,382.13,351
10253,1,416.79,275
10255,5,1931.28,331
10256,1,1702.03,169
10257,1,5397.25,267
10258,2,1030.78,352
10259,1,348.18,29
10261,3,2374.6,370
10262,3,515.25,316
10263,10,300.45,242
10264,2,178.96,318
10265,3,1030.71,97
10266,3,4937.37,210
10267,4,468.79,24
10268,4,2612.7,114
10269,3,2145.58,28
10270,3,3018.37,211
10271,3,176.51,245
10272,4,379.65,371
10273,4,249.73,52
10274,3,1081.19,197
10275,4,813.52,239
10277,1,1314.0,244
10278,3,4015.35,322
10279,7,653.34,315
10280,5,182.22,87
10281,3,1299.1,80
10282,1,284.88,364
10284,10,982.41,57
10285,9,121.05,84
10286,3,1992.08,46
10287,1,2314.37,218
10288,3,307.01,256
10289,1,348.15,371
10290,1,1549.13,295
10291,1,735.55,123
10292,6,153.01,336
10293,3,160.69,217
10294,3,651.93,367
10295,5,312.01,274
10296,1,319.54,296
10297,2,151.36,10
10298,1,1258.38,197
10299,1,405.05,301
10301,1,216.77,358
10302,1,6922.12,367
10303,4,1456.29,246
10304,2,1019.62,99
10305,1,325.94,190
10306,1,411.62,140
10307,2,942.28,112
10308,1,1049.05,367
10309,1,310.78,81
10310,7,16514.96,265
10311,6,453.32,277
10312,1,283.55,67
10313,2,307.07,142
10314,1,482.17,307
10315,2,352.69,281
10316,2,1011.98,371
10317,1,1631.04,293
10318,1,679.92,99
10319,1,336.41,207
10320,1,2185.75,365
10321,2,2129.83,275
10322,1,167.61,168
10323,3,462.39,273
10324,2,654.37,3
10325,1,417.72,203
10326,4,1558.85,199
10327,5,189.49,65
10328,7,84.15,252
10329,3,1189.0,281
10330,1,1237.78,28
10331,2,559.69,147
10332,1,326.17,357
10333,2,87.96,358
10334,4,151.84,371
10335,2,196.4,49
10336,2,650.0,370
10337,8,176.85,365
10338,2,228.92,368
10339,1,1603.82,10
10340,7,169.82,184
10341,1,1824.35,358
10342,3,316.07,371
10343,1,1389.71,259
10345,2,223.36,335
10346,1,149.58,95
10347,1,3514.53,30
10348,4,1019.64,184
10349,4,19764.47,245
10350,3,348.12,336
10351,4,843.0,263
10352,2,139.08,270
10353,1,665.81,266
10354,1,689.28,351
10355,5,2063.31,318
10356,2,4051.34,317
10357,4,440.16,262
10358,4,5424.62,39
10359,2,357.04,80
10361,1,309.37,368
10362,1,953.69,55
10363,5,316.26,281
10364,2,1787.46,269
10365,1,68.06,224
10366,2,311.21,315
10367,1,971.76,315
10368,1,286.61,32
10369,1,125.19,364
10370,5,973.95,311
10371,5,136.0,29
10372,8,2373.75,331
10373,3,460.51,214
10374,1,432.02,372
10375,9,403.49,52
10376,5,3120.65,371
10377,2,223.94,280
10378,5,1264.16,137
10379,1,323.01,332
10380,2,725.3,241
10381,3,4481.32,22
10382,1,3440.3,266
10383,2,821.43,28
10385,20,2862.48,32
10386,3,101.37,188
10387,1,79.93,263
10388,4,161200.61,286
10389,6,353.91,255
10390,2,296.82,314
10391,1,389.04,266
10392,4,122.75,9
10393,2,611.27,231
10394,7,4460.26,241
10395,8,255.63,18
10396,6,4460.88,331
10397,2,206.54,184
10398,1,2780.25,372
10399,1,706.14,293
10400,6,250.07,150
10401,2,1143.41,331
10402,1,15929.88,358
10403,1,976.63,371
10404,2,126.08,55
10405,9,1918.02,268
10406,1,16587.81,255
10408,4,1121.54,80
10409,5,450.54,276
10410,5,540.27,265
10411,8,912.95,365
10412,1,233.78,217
10413,1,155.28,372
10414,4,471.74,274
10415,1,974.11,21
10417,9,436.97,255
10418,2,110.58,76
10419,1,635.05,52
10420,1,538.5,34
10421,2,180.56,365
10422,1,1024.1,370
10423,2,387.31,260
10424,2,23.23,13
10425,1,317.19,94
10426,1,101.35,205
10427,7,560.57,289
10428,8,2423.13,333
10429,2,215.06,294
10430,2,728.29,287
10431,2,738.89,133
10432,5,1445.01,358
10433,2,1529.21,185
10434,3,3237.27,35
10435,5,1570.97,358
10436,1,339.4,368
10437,9,700.48,241
10438,5,4193.03,211
10439,8,467.16,154
10440,1,723.26,87
10441,3,1228.91,318
10442,1,109.05,259
10443,3,1406.29,372
10444,7,43.4,308
10445,1,743.36,275
10446,2,464.22,63
10447,5,352.7,94
10448,1,1100.1,56
10449,1,488.03,290
10450,1,1232.37,365
10451,1,745.8,77
10452,2,222.67,216
10453,1,9741.31,104
10454,1,1872.46,216
10455,1,504.99,168
10456,2,4955.25,325
10457,3,150.18,371
10458,3,839.24,325
10459,1,1275.44,368
10460,1,5481.21,274
10461,1,344.06,293
10462,5,571.09,325
10463,1,1720.71,182
10464,1,150.92,309
10465,1,20612.2,366
10466,2,1385.44,332
10467,6,471.75,365
10468,2,521.63,30
10469,1,1995.75,269
10470,6,5287.48,18
10471,2,223.36,307
10472,2,112.76,224
10473,2,1105.08,195
10474,3,1583.76,338
10476,1,1461.17,308
10477,1,363.66,77
10478,3,169.94,203
10479,2,143.31,34
10480,1,683.63,289
10481,1,440.0,224
10482,5,650.43,370
10485,5,145.19,244
10486,5,589.0,77
10487,1,240.74,295
10488,4,215.7,241
10489,1,164.63,62
10490,1,1837.96,16
10491,4,333.27,35
10492,2,964.49,189
10493,4,892.96,359
10494,2,799.42,77
10495,2,708.16,114
10496,2,974.25,135
10497,3,168.3,84
10498,1,775.13,88
10499,10,1422.03,34
10500,2,1412.53,62
10501,5,2239.28,329
10502,1,41.72,316
10503,7,2032.23,337
10504,1,271.15,284
10505,4,188.6,71
10506,1,153.9,274
10507,1,673.25,322
10508,1,146.86,41
10509,2,447.36,74
10512,2,247.14,53
10513,3,197.06,158
10514,1,393.99,317
10515,1,788.21,70
10516,10,149.72,23
10517,1,300.15,356
10518,1,170.02,265
10519,1,59.89,39
10520,1,1314.48,245
10521,1,49.8,27
10522,4,172.88,353
10523,9,305.98,260
10524,2,784.48,129
10525,4,512.01,366
10526,1,156.74,312
10527,7,3213.55,304
10528,1,653.33,51
10529,1,1046.84,371
10530,1,1151.52,247
10531,6,896.73,260
10532,6,981.65,170
10533,6,656.69,74
10534,3,1062.82,370
10535,3,398.65,279
10536,1,1980.43,266
10537,3,316.77,282
10538,1,106.44,363
10539,3,538.79,34
10540,1,704.74,70
10541,1,2207.36,25
10543,1,12615.57,275
10544,2,10484.36,364
10545,3,1340.29,368
10546,6,1416.04,43
10547,3,311.67,360
10548,6,2424.49,356
10549,4,605.09,10
10550,1,867.57,370
10551,2,2366.2,276
10552,5,11381.25,238
10553,1,173.07,231
10554,7,1516.08,210
10555,1,329.68,368
10556,2,133.31,356
10557,1,386.05,240
10558,2,1244.57,248
10559,5,257.22,60
10560,4,168.28,112
10561,2,2201.1,214
10562,4,50.82,175
10563,8,581.29,77
10564,2,710.29,233
10565,1,3809.86,308
10566,2,2200.64,77
10567,8,370.02,364
10568,6,234.18,59
10569,1,275.14,153
10571,1,3623.52,106
10572,10,389.71,211
10573,1,1687.98,226
10574,8,119.84,77
10575,1,993.14,315
10576,14,2043.75,234
10577,1,678.01,36
10578,1,207.96,280
10579,20,6018.39,77
10580,1,2215.48,29
10581,2,1676.19,277
10582,6,1214.44,265
10584,6,1563.94,112
10585,2,901.2,246
10586,1,422.76,259
10587,4,3733.68,39
10588,1,2055.55,286
10589,1,183.62,259
10590,1,19855.8,311
10591,2,2425.35,4
10592,2,501.03,241
10593,8,145.01,309
10594,1,2808.02,50
10595,3,412.02,304
10596,4,268.73,188
10597,2,323.9,353
10599,7,139.26,265
10600,9,8341.12,260
10601,2,1126.46,13
10602,1,408.87,297
10604,4,69.37,318
10605,2,5089.56,211
10606,4,2552.38,100
10607,2,304.25,69
10609,2,16219.75,367
10610,4,791.13,260
10611,4,984.42,162
10612,2,410.84,364
10613,6,874.7,260
10614,9,1089.4,367
10615,1,2005.36,364
10616,5,262.86,357
10617,2,677.09,51
10618,2,298.25,85
10619,6,2704.77,365
10620,1,1931.36,316
10621,2,3581.9,363
10622,8,206.04,105
10623,2,92.14,335
10624,2,498.3,365
10625,4,4157.85,53
10626,4,13823.5,356
10627,1,428.79,266
10628,5,154.58,273
10629,3,386.24,332
10630,1,411.52,106
10631,1,807.25,360
10632,1,4847.22,371
10633,1,562.27,217
10635,8,292.44,224
10636,2,290.42,294
10637,2,2005.21,260
10638,2,122.71,372
10639,3,179.0,276
10640,6,1905.76,372
10641,10,5007.08,298
10642,1,3989.45,43
10643,3,508.8,273
10644,1,3738.97,370
10645,2,1502.25,357
10646,8,1058.09,364
10647,1,423.74,368
10648,6,414.09,366
10649,1,10247.06,367
10650,3,400.62,122
10651,11,12699.7,357
10652,1,1176.85,331
10653,10,814.82,316
10654,6,58.15,62
10655,2,1058.37,361
10656,3,912.02,317
10657,2,771.31,371
10658,7,5066.0,276
10659,1,199.81,70
10660,10,44255.26,365
10661,5,121.14,367
10662,7,251.75,240
10663,6,3825.28,372
10664,2,1105.3,371
10665,3,1879.51,370
10666,1,1619.9,366
10667,1,1662.07,35
10668,3,289.94,50
10669,5,836.97,24
10670,1,1035.75,66
10671,1,1019.25,350
10672,3,675.8,368
10673,2,13208.77,24
10674,1,125.58,76
10675,4,383.15,338
10676,7,1027.76,357
10677,2,225.59,111
10678,2,1700.36,368
10680,7,424.15,182
10681,16,10502.61,266
10682,7,2293.71,274
10683,2,2784.65,283
10684,2,1118.82,318
10685,1,204.14,170
10686,1,3709.45,171
10687,1,1579.02,241
10688,6,4738.64,71
10689,5,1935.68,226
10690,1,1095.89,317
10691,5,110.38,332
10692,1,586.58,112
10693,1,374.11,57
10695,7,3241.25,232
10696,9,267.18,335
10697,2,4.66,171
10698,2,1715.27,309
10699,1,1945.94,312
10700,1,639.28,63
10701,3,4094.46,263
10702,2,4118.82,93
10703,2,484.93,225
10704,2,221.49,356
10705,2,385.71,205
10706,2,836.15,57
10707,5,414.78,367
10709,2,2865.51,22
10710,4,354.1,308
10712,1,4609.12,59
10713,3,345.92,114
10714,2,1591.64,251
10715,1,1257.84,272
10717,2,2373.01,333
10718,2,777.54,18
10719,2,2293.36,84
10720,10,363.59,301
10721,1,71.85,63
10722,1,1194.85,241
10723,6,865.78,84
10725,2,6346.23,210
10726,4,1841.2,317
10727,3,930.79,170
10728,5,6369.21,13
10729,2,2182.11,248
10730,2,1013.74,360
10731,2,3516.9,371
10732,2,1025.35,70
10733,2,720.03,60
10734,16,9011.56,372
10735,1,339.9,197
10736,1,245.9,266
10737,1,26634.63,296
10738,1,118.76,371
10739,3,1445.2,368
10740,2,56495.55,176
10741,5,367.21,371
10742,2,1836.07,312
10743,1,69.56,18
10744,2,3636.21,22
10745,1,370.98,265
10746,1,333.94,370
10747,1,1434.33,366
10748,4,301.25,18
10749,2,2549.96,321
10750,6,3638.75,309
10751,1,3776.02,357
10752,10,612.02,372
10753,4,592.94,357
10754,3,1692.94,255
10755,2,1388.83,191
10756,4,1237.16,365
10757,3,2001.97,85
10758,1,1693.67,371
10759,1,400.65,171
10760,6,500.73,282
10761,4,139078.96,204
10762,1,101.12,284
10763,1,361.29,372
10764,15,3464.91,210
10765,2,2228.24,370
10767,3,745.06,219
10768,4,494.22,191
10769,2,174.38,262
10770,1,919.7,371
10771,10,1131.67,365
10772,1,110.95,331
10774,2,387.71,191
10775,3,1494.87,115
10776,1,1531.47,122
10777,1,440.0,77
10778,2,301.17,371
10779,1,13927.44,366
10780,9,3984.26,254
10781,1,314.44,295
10782,6,36.44,272
10784,3,199.82,36
10785,2,1473.57,364
10786,26,6486.85,352
10787,1,415.55,97
10788,3,568.69,371
10789,3,5446.38,133
10790,1,132.86,181
10791,5,897.96,329
10792,4,256.33,54
10793,2,378.3,128
10795,2,765.33,150
10796,3,160.98,29
10797,6,89.19,64
10798,1,1535.76,255
10799,1,1269.91,252
10800,4,144.72,253
10802,11,4509.0,265
10803,10,1489.12,371
10804,39,7838.98,259
10805,1,1575.08,370
10806,3,122769.86,251
10807,2,49.95,24
10808,1,720.05,29
10809,2,5665.38,248
10810,7,613.45,217
10811,11,16473.34,359
10813,1,855.21,11
10814,2,1255.17,215
10815,4,6449.37,372
10816,1,10233.71,206
10817,5,982.12,351
10818,5,7760.4,72
10819,2,1020.73,360
10820,10,1760.67,48
10821,1,364.88,169
10822,3,1740.51,132
10823,4,255.11,357
10824,1,924.73,218
10825,1,2578.26,211
10826,3,1079.38,37
10827,2,2043.38,357
10828,1,1416.31,127
10829,1,330.15,120
10830,3,240.7,200
10831,16,4434.09,77
10832,3,595.32,259
10833,1,833.88,172
10834,2,5895.83,235
10835,9,318.49,370
10836,2,1313.43,308
10837,1,604.6,95
10838,2,528.19,226
10839,2,137.34,366
10840,2,2124.97,263
10841,1,865.57,274
10842,2,248.42,361
10843,2,56.35,137
10844,8,854.95,280
10845,1,689.81,335
10846,4,413.11,357
10847,10,2284.39,28
10848,6,579.14,287
10849,2,4286.02,212
10850,4,352.19,295
10851,3,3099.89,372
10852,3,400.6,371
10853,2,59.75,367
10854,2,1324.63,366
10855,4,547.33,316
10856,1,8258.92,64
10857,1,2209.69,163
10858,3,869.57,327
10859,2,298.45,178
10861,3,96.11,333
10862,7,1496.94,275
10863,1,805.31,366
10864,4,97.99,200
10865,12,7202.27,247
10866,3,430.59,312
10867,2,1785.03,78
10868,3,6739.14,91
10869,3,965.07,84
10870,5,2268.47,331
10871,1,6685.07,287
10872,2,2354.47,259
10873,5,79.09,17
10875,6,472.54,332
10876,1,7084.73,368
10877,1,688.71,367
10878,4,90.94,267
10879,2,285.62,276
10880,4,4109.57,372
10881,2,1385.98,231
10882,3,250.04,74
10883,2,505.96,199
10884,4,184.23,357
10885,2,401.52,129
10886,1,6484.86,2
10887,1,33692.84,255
10888,1,215.72,356
10889,1,234.5,216
10890,4,2933.89,112
10891,10,106.09,153
10892,1,772.9,20
10893,1,5480.53,357
10894,2,211.87,203
10895,5,300.85,88
10897,8,584.49,273
10898,1,446.91,91
10899,1,2895.59,49
10900,2,303.34,283
10901,2,668.99,233
10902,5,10672.7,246
10903,3,1886.29,266
10904,1,8136.0,361
10905,2,1098.46,274
10906,5,1322.88,51
10907,2,5312.66,113
10908,1,1351.66,127
10909,1,582.71,199
10910,2,765.48,62
10911,2,205.36,338
10912,2,171.02,165
10913,6,590.0,331
10914,3,353.96,365
10915,1,2867.37,186
10916,10,2549.26,282
10917,3,142.45,265
10918,1,1518.77,266
10919,1,168.0,247
10920,1,8850.66,368
10921,5,380.63,274
10922,2,1749.09,276
10923,2,112.77,37
10924,1,657.35,308
10925,3,220.27,361
10926,2,640.19,39
10927,1,942.27,361
10928,6,6895.9,265
10930,5,172.28,358
10931,1,1714.66,358
10932,4,93.89,287
10933,4,1041.52,235
10934,1,2370.9,58
10935,2,1487.0,316
10936,1,155.81,366
10937,1,489.6,77
10938,1,244.8,49
10939,2,216.89,247
10940,2,226.08,276
10941,15,3453.02,360
10942,1,183.82,367
10943,1,1406.11,275
10944,3,722.1,350
10945,2,1617.74,326
10946,7,180.41,210
10947,1,72564.69,69
10948,6,944.13,144
10949,8,517.54,361
10950,2,187.84,41
10951,4,4929.7,363
10952,10,922.44,239
10953,1,178.26,132
10955,3,3190.18,168
10956,1,833.95,368
10957,1,157.46,365
10958,15,4757.22,370
10959,1,152.94,363
10960,3,932.97,300
10961,8,3543.98,191
10962,1,4331.73,119
10963,2,341.68,326
10964,3,224.42,239
10966,5,1843.25,57
10967,2,379.79,333
10968,1,1387.93,76
10969,2,2685.89,309
10970,5,223.26,367
10971,2,248.04,50
10972,2,897.73,70
10973,8,257.21,280
10974,1,592.91,215
10975,1,704.36,350
10976,5,266.45,238
10977,2,53.46,280
10978,1,233.92,261
10979,3,627.09,69
10980,2,6911.5,154
10981,1,848.35,312
10982,2,107.77,84
10983,2,689.74,372
10984,3,4543.22,310
10985,4,424.65,78
10986,6,35.4,281
10987,1,207.14,49
10988,2,96.73,314
10989,1,398.99,244
10990,1,127.86,232
10991,1,1063.92,50
10992,3,384.04,280
10993,1,781.62,368
10994,2,1286.5,85
10995,1,7806.99,365
10996,1,906.26,311
10997,3,781.3,212
10998,1,114.28,311
10999,5,162.0,278
11000,2,424.17,257
11001,1,233.46,312
11002,1,452.86,71
11003,3,372.18,260
11004,2,1331.32,24
11006,3,2255.36,186
11007,19,3712.44,63
11008,6,922.44,261
11009,1,3350.78,312
11010,1,265.79,266
11011,5,10436.54,129
11012,2,598.61,302
11013,15,2680.79,309
11014,2,1519.82,24
11015,3,585.51,20
11016,3,1641.15,237
11017,1,599.65,27
11018,4,1507.51,111
11019,1,2129.03,234
11020,1,107.06,211
11021,4,157.16,364
11023,1,378.09,350
11024,5,349.46,9
11026,1,775.6,310
11027,9,412.02,372
11028,3,470.29,352
11029,3,322.9,193
11030,1,1292.73,45
11031,1,2071.95,153
11032,1,2925.06,100
11033,1,6468.23,22
11034,1,1771.5,35
11035,1,1440.86,204
11036,1,1373.78,321
11037,4,205.44,180
11038,1,1163.45,140
11039,2,1341.63,149
11040,1,807.24,335
11041,5,2818.36,370
11042,3,112.83,368
11043,3,1797.51,115
11044,3,122.53,368
11046,5,5579.84,143
11047,5,584.15,371
11048,8,590.31,370
11049,6,602.05,296
11050,1,4747.75,277
11051,1,487.88,371
11052,4,251.83,363
11053,4,9047.75,64
11054,3,763.59,368
11055,2,810.58,365
11056,3,2327.39,42
11057,4,3210.7,323
11058,2,1406.0,259
11059,1,332.66,219
11060,3,628.66,221
11061,5,618.53,290
11062,2,348.94,52
11063,4,101.8,366
11064,1,1383.86,359
11065,4,502.94,368
11066,4,364.56,226
11067,3,13600.06,48
11068,1,1748.32,58
11069,2,707.05,306
11070,6,3146.29,63
11071,2,604.63,231
11072,4,65.08,356
11073,5,887.54,80
11074,11,2013.32,279
11075,2,5720.68,368
11076,7,494.41,74
11077,1,572.42,99
11078,1,663.89,224
11079,2,2816.31,252
11080,3,436.17,367
11081,11,2176.8,42
11082,9,922.52,127
11083,4,133.46,315
11084,2,315.06,240
11085,2,776.45,251
11086,2,4311.32,372
11087,1,1193.79,28
11088,2,134.99,225
11089,5,317.2,202
11090,1,179.08,101
11091,1,194.62,309
11092,3,437.79,290
11093,5,158.04,361
11094,1,446.04,28
11095,1,2031.05,38
11096,4,350.7,225
11098,3,337.02,368
11099,2,3763.39,304
11100,1,356.9,259
11101,7,2943.62,217
11102,1,118.05,372
11103,3,90.42,302
11104,4,2084.29,149
11105,4,758.97,20
11106,4,1083.57,332
11107,3,361.37,317
11108,3,170.56,216
11109,1,96.87,66
11110,3,1625.72,235
11111,1,849.77,315
11112,7,90.6,293
11113,1,4206.01,308
11114,7,3681.48,276
11115,1,165.0,30
11116,4,207.8,100
11117,3,5319.04,10
11118,1,1521.88,23
11119,1,3517.12,265
11120,1,363.7,367
11121,1,97.99,86
11122,4,867.58,335
11123,14,2091.09,274
11124,1,2684.88,326
11125,2,1768.25,59
11126,3,380.57,85
11127,1,161.11,65
11128,2,1494.9,256
11129,2,372.0,265
11130,2,684.41,203
11131,4,1174.88,357
11133,1,232.6,263
11134,3,5080.79,62
11135,1,370.49,237
11136,10,932.89,43
11137,1,1392.37,182
11138,1,449.46,172
11139,10,161.01,369
11140,1,2665.24,242
11141,8,927.93,331
11142,3,2548.37,335
11143,1,1383.74,24
11144,6,191.45,370
11146,2,345.62,74
11147,1,668.33,233
11148,1,1637.44,78
11149,8,543.04,280
11150,1,107.52,203
11151,3,281.52,370
11152,1,417.58,127
11153,1,380.51,365
11154,5,866.47,301
11155,1,1286.55,316
11156,2,1791.22,141
11157,2,277.06,363
11158,1,158.83,360
11159,2,1172.89,284
11160,1,567.16,367
11161,3,328.37,218
11162,2,846.73,63
11164,2,1867.36,280
11165,4,156.55,190
11166,4,228.09,94
11167,1,973.86,354
11168,1,3625.43,367
11169,8,2005.0,265
11170,5,412.27,371
11171,4,485.14,231
11172,1,775.68,8
11173,2,483.42,371
11174,2,35.24,238
11175,2,1474.52,39
11176,1,322.18,243
11177,2,1177.83,371
11178,7,131.69,368
11181,3,574.07,76
11182,2,370.93,368
11183,1,47.81,181
11184,1,588.19,105
11185,1,365.87,233
11186,4,294.23,192
11187,1,876.0,371
11189,2,1217.79,317
11190,2,131.91,115
11191,7,2241.41,361
11193,6,1315.41,72
11194,2,309.32,85
11195,1,786.6,368
11196,2,971.74,370
11197,4,9036.62,356
11198,3,3643.74,29
11199,2,74.4,296
11200,5,2982.93,371
11201,1,382.57,372
11202,1,3626.2,283
11204,1,711.83,240
11205,3,251.61,205
11206,1,177.08,267
11207,4,1046.73,81
11208,2,885.1,58
11209,2,318.68,200
11210,9,17653.57,73
11211,4,176.14,358
11212,2,1327.96,262
11213,8,250.02,196
11214,1,1219.89,289
11215,2,1895.65,49
11216,2,507.06,35
11217,2,653.37,45
11218,1,7371.87,115
11220,10,1708.18,235
11221,3,686.28,209
11222,1,277.93,364
11223,6,2339.66,315
11224,1,195.25,224
11225,2,243.85,367
11227,1,322.08,158
11228,5,307.84,335
11231,1,720.76,251
11232,2,712.85,238
11233,1,957.22,71
11234,3,1098.74,200
11235,2,398.84,367
11236,5,866.87,29
11237,21,4082.42,318
11238,1,754.66,365
11239,1,178.96,95
11240,2,1071.52,86
11241,1,746.47,199
11242,1,1295.93,264
11243,1,524.15,242
11244,5,514.84,97
11245,4,309.6,206
11246,3,6911.66,210
11247,1,1931.84,217
11248,1,177.32,59
11249,5,2337.68,361
11250,2,176.75,214
11251,3,154.88,372
11252,1,2011.07,16
11253,2,1231.41,372
11254,2,542.4,198
11256,4,887.42,183
11257,2,360.99,273
11258,1,276.44,360
11259,1,416.19,114
11260,7,706.64,77
11261,1,1914.05,45
11262,1,135.97,41
11263,8,709.5,255
11264,1,2779.67,364
11265,1,2095.29,367
11266,2,142.48,29
11267,1,2240.99,261
11269,1,243.39,185
11272,1,948.03,71
11273,2,1131.93,231
11274,2,1158.31,72
11275,2,1686.62,318
11276,3,717.22,41
11277,2,351.28,32
11278,5,113.25,179
11279,2,188.0,62
11280,2,2862.13,309
11281,1,752.11,254
11282,1,207.8,275
11283,1,695.49,362
11284,2,1385.82,253
11285,3,697.8,365
11286,1,5655.98,252
11287,11,1570.24,367
11288,1,2974.72,283
11289,1,157.09,217
11290,2,1937.45,294
11291,2,657.88,371
11292,1,2620.74,203
11293,6,126.14,142
11294,2,330.56,45
11295,1,800.4,168
11296,1,1619.68,79
11297,3,720.31,21
11298,2,251.94,303
11299,4,2883.77,366
11300,9,106.7,85
11301,1,2158.5,51
11302,2,455.66,164
11303,1,76.5,308
11304,1,13171.99,283
11306,1,180.95,52
11307,9,2018.76,204
11308,1,309.87,368
11309,2,3810.09,218
11310,1,251.76,172
11311,3,786.74,289
11312,6,201.19,51
11313,1,457.76,77
11314,4,576.91,268
11315,11,2476.65,284
11316,1,73.06,29
11317,7,172.25,37
11318,1,247.97,129
11319,1,12987.48,331
11320,8,1070.76,276
11321,2,172.96,368
11322,5,3628.07,356
11323,2,592.06,323
11324,1,206.97,112
11325,4,1084.25,60
11326,2,799.19,60
11327,1,406.38,322
11328,2,453.01,276
11329,4,177.34,370
11330,1,221.23,108
11331,1,1600.89,371
11332,1,411.26,69
11333,1,6878.61,273
11334,1,1257.83,336
11335,3,113.66,64
11336,2,178.26,259
11337,2,5606.96,29
11338,2,1112.46,370
11339,3,801.54,49
11340,1,300.83,233
11341,4,689.88,171
11342,2,5196.87,106
11343,4,717.31,297
11344,2,1546.55,282
11345,2,428.76,282
11346,6,1836.23,181
11347,1,631.51,359
11348,1,314.56,371
11349,1,2234.0,183
11350,3,37808.81,235
11351,1,731.9,74
11352,2,205.43,99
11353,1,305.6,168
11354,6,202.27,176
11355,6,287.8,283
11356,1,925.82,7
11357,2,202.67,216
11358,1,597.24,360
11359,4,787.3,225
11360,3,683.59,294
11361,1,3041.64,372
11362,2,547.06,311
11363,4,537.72,16
11365,1,2183.21,331
11366,2,492.84,127
11367,4,5422.73,364
11368,1,2855.64,50
11369,1,110.23,253
11370,3,1826.72,337
11371,2,300.52,267
11372,1,218.17,245
11373,1,80.75,70
11374,2,588.65,24
11375,9,1352.78,238
11376,13,2664.4,203
11378,14,11051.76,238
11379,1,11526.23,232
11380,3,334.53,203
11381,1,797.96,335
11382,2,80.79,371
11383,4,111.69,45
11384,1,440.0,365
11385,2,162.15,309
11386,4,1143.0,333
11387,1,256.33,326
11388,3,1644.23,350
11389,3,2953.32,331
11390,1,786.76,123
11391,6,7169.83,53
11392,1,1835.92,16
11393,1,324.37,146
11394,2,640.78,234
11395,2,8145.6,50
11396,4,371.62,21
11397,1,654.64,255
11398,1,2211.08,84
11399,7,2225.94,308
11400,1,149.68,16
11401,2,538.58,288
11402,1,161.0,270
11403,1,723.27,366
11404,1,4734.35,371
11405,2,1126.17,363
11406,3,1752.92,357
11407,9,924.82,366
11408,1,5621.43,365
11409,2,91.51,60
11410,4,6036.78,365
11412,1,1071.9,140
11414,3,1259.62,226
11415,1,756.26,218
11416,1,1206.15,157
11417,1,1382.65,175
11418,6,373.82,330
11419,10,1393.48,241
11420,1,778.54,335
11421,3,320.59,372
11422,4,122.6,10
11423,1,473.52,325
11424,3,1129.99,357
11426,8,679.9,358
11427,3,5708.87,22
11428,1,2044.53,34
11429,6,2869.72,55
11430,4,518.63,186
11431,3,705.36,360
11432,1,1118.84,310
11433,1,361.25,197
11434,9,2136.21,197
11435,4,600.42,326
11436,2,1212.82,60
11437,3,1823.54,307
11438,9,216.46,357
11439,1,162.81,323
11440,2,546.21,74
11441,4,3901.79,142
11442,1,698.57,191
11443,1,1706.8,3
11444,1,719.79,16
11445,10,470.79,121
11446,1,151.63,87
11447,4,1195.93,29
11448,1,75.18,371
11449,2,1236.41,263
11450,1,253.51,360
11451,7,463.85,199
11452,2,1258.52,3
11453,10,1058.35,64
11454,6,3404.36,128
11455,1,424.61,88
11456,1,572.22,324
11457,8,834.75,254
11458,1,193.0,266
11459,3,1547.01,94
11460,1,4141.44,42
11462,6,225.88,67
11463,2,1701.66,60
11464,10,491.79,70
11465,1,784.27,371
11466,2,229.57,367
11467,1,8565.5,282
11468,7,1564.73,371
11469,4,3190.54,149
11470,2,584.07,88
11471,4,1484.2,255
11472,3,2564.51,323
11473,2,1135.09,370
11474,3,120.0,309
11475,4,1747.68,35
11477,4,9405.17,76
11478,2,388.52,17
11479,1,1166.35,300
11480,7,343.53,372
11482,2,1621.35,296
11483,8,867.29,337
11484,1,117.41,218
11485,1,1257.76,14
11486,2,5602.51,88
11488,1,1068.98,324
11489,1,522.04,189
11490,5,167.5,224
11491,2,657.8,294
11492,1,236.03,370
11493,5,622.86,297
11494,2,134.64,255
11496,1,93.77,311
11497,5,747.75,294
11498,7,815.72,238
11499,1,2043.77,262
11500,1,1382.84,286
11501,1,354.14,327
11502,3,2606.05,216
11503,1,186.42,139
11504,1,1329.3,88
11505,4,508.89,15
11506,1,7818.75,58
11507,2,1893.01,231
11508,1,1140.93,74
11509,1,20049.51,368
11510,2,701.32,111
11511,2,501.12,291
11512,4,251.48,294
11513,3,517.92,367
11514,5,6414.3,370
11515,4,3749.23,371
11516,5,433.53,368
11517,2,127.35,176
11518,4,5679.04,209
11519,1,1028.95,52
11520,1,2234.5,238
11522,5,2610.48,356
11523,2,906.17,169
11524,1,63.0,84
11525,2,414.61,176
11526,1,5592.94,333
11527,1,413.94,349
11528,1,2646.66,309
11529,1,124.94,301
11530,1,3621.15,87
11531,1,353.65,241
11532,4,4203.1,16
11534,6,1225.8,58
11535,6,3214.18,357
11536,1,232.38,364
11537,2,861.18,329
11538,2,243.71,372
11539,6,3723.5,338
11540,1,460.98,63
11541,5,162.61,49
11542,1,345.0,50
11543,5,224.08,252
11544,2,483.31,367
11545,3,119.69,153
11547,1,412.1,9
11548,1,383.07,301
11549,4,10674.29,204
11550,7,2250.26,352
11551,3,1095.67,326
11552,2,5839.49,358
11553,10,590.0,363
11554,2,725.23,329
11555,1,3983.32,14
11556,1,162.29,295
11557,2,65.89,35
11558,1,168.85,74
11559,1,2003.4,17
11560,1,2462.99,372
11561,5,286.21,276
11562,1,367.11,214
11563,1,112.18,357
11564,1,518.41,196
11565,4,683.51,359
11566,3,1339.43,331
11567,4,1132.05,371
11569,1,621.61,88
11570,20,2004.54,74
11571,2,1124.34,174
11572,2,524.9,212
11573,2,2520.2,265
11574,1,8693.09,364
11576,2,11152.62,9
11577,1,4221.1,317
11578,2,1447.19,56
11579,2,230.21,359
11580,1,357.48,309
11581,3,781.26,39
11582,6,186.38,316
11583,2,731.25,183
11584,1,1201.3,326
11585,2,344.95,35
11586,3,8679.83,118
11587,4,301.84,232
11588,2,207.66,36
11589,5,1130.14,24
11590,1,1248.5,359
11591,1,496.18,156
11592,9,13092.05,303
11593,12,3104.59,238
11594,1,993.36,336
11595,3,1581.69,358
11596,3,76.45,335
11597,1,239.47,276
11598,4,141.47,29
11599,1,2875.65,372
11600,2,1586.41,360
11601,4,15.0,203
11602,5,2053.05,71
11603,1,1018.66,372
11604,6,4006.27,273
11605,1,1717.25,240
11606,1,10564.58,203
11607,4,1981.81,32
11608,2,7527.56,36
11609,10,13065.47,202
11610,1,798.56,2
11611,4,1078.96,296
11612,3,2100.33,224
11613,2,2549.33,70
11614,1,1695.71,140
11615,1,5188.5,84
11616,2,365.32,311
11617,3,225.9,126
11618,9,575.97,145
11619,3,677.46,105
11620,1,437.43,371
11621,7,349.95,104
11623,6,192.6,238
11624,2,334.54,310
11626,3,246.59,246
11627,8,229.16,323
11628,1,1279.99,316
11629,1,1600.94,372
11630,1,1826.56,231
11631,3,168.86,360
11632,4,4003.84,120
11633,2,53.7,10
11635,7,415.67,291
11636,3,605.63,203
11637,10,495.27,367
11638,5,162.09,366
11640,1,6118.81,357
11641,1,2698.2,287
11642,27,42077.36,290
11643,1,574.48,272
11644,1,5559.94,319
11645,3,171.15,235
11646,1,355.86,36
11647,7,1839.99,364
11648,3,1516.09,372
11649,2,157.05,10
11650,2,112.54,244
11651,1,1505.88,288
11652,9,437.75,135
11653,8,790.19,275
11654,1,301.44,307
11655,6,933.72,39
11656,5,89.96,357
11657,2,850.42,276
11658,3,1098.46,296
11659,2,3710.01,272
11660,5,112.09,361
11661,1,2657.87,210
11662,1,131.57,360
11663,2,197.21,260
11665,2,417.22,331
11666,6,414.59,154
11669,1,200.77,62
11670,2,416.38,132
11671,1,230.59,287
11672,12,2293.78,364
11673,4,207.89,27
11674,4,75.61,371
11675,8,440.0,224
11676,1,869.98,368
11677,2,380.76,366
11678,1,280.54,133
11679,1,249.74,371
11680,1,1058.23,260
11681,2,524.31,51
11682,2,513.86,180
11683,2,396.09,304
11685,1,228.84,371
11686,1,32.67,368
11688,1,3984.69,29
11689,1,336.4,182
11690,7,277.92,304
11691,9,1000.31,140
11692,2,508.52,256
11693,3,104.78,253
11694,1,3724.45,367
11695,6,246.0,365
11696,1,11009.07,36
11697,2,4734.4,115
11698,7,351.11,52
11699,1,1121.87,241
11700,2,447.85,299
11701,9,1005.98,366
11702,2,97.76,127
11703,1,1084.18,171
11704,2,1483.54,175
11706,2,399.87,365
11707,3,616.49,119
11708,1,351.56,97
11709,1,2105.39,66
11710,3,1871.7,323
11711,2,100.44,259
11712,1,657.8,43
11713,1,653.87,169
11714,3,594.09,18
11715,2,3859.32,175
11716,2,380.1,360
11717,5,1892.82,337
11718,6,196.88,300
11719,1,17258.78,67
11721,3,605.78,73
11722,1,2905.33,269
11723,2,3344.54,363
11725,3,824.54,360
11726,9,1245.91,272
11727,4,1715.32,190
11728,1,463.6,70
11729,3,255.91,331
11730,1,160.55,119
11731,1,3026.59,316
11732,4,1651.76,325
11733,1,1271.92,365
11734,2,1469.08,315
11735,2,203.02,321
11736,4,731.71,328
11737,4,357.89,10
11738,2,76.14,2
11739,1,525.21,132
11740,5,110.37,354
11741,1,413.54,267
11742,2,99.16,262
11743,2,662.41,118
11744,1,264.85,45
11745,2,498.63,220
11746,1,482.11,275
11747,2,3772.75,64
11748,1,1376.5,371
11749,1,430.79,72
11750,1,507.17,163
11751,2,486.69,370
11752,1,267.17,57
11753,2,6774.63,371
11754,2,223.86,335
11755,1,4481.2,326
11756,1,881.17,371
11757,1,300.94,280
11758,4,3077.7,363
11759,2,528.77,46
11760,2,225.59,245
11761,3,634.98,245
11762,1,874.01,372
11763,1,453.0,331
11764,5,1592.51,90
11765,1,833.03,364
11766,4,98.0,77
11767,1,1214.58,213
11768,1,822.47,185
11769,4,259.19,87
11770,4,28.87,149
11771,3,102.02,262
11773,1,370.19,364
11774,1,639.23,367
11775,4,216.89,367
11776,1,3437.75,172
11777,1,433.74,286
11778,7,616.88,217
11779,1,223.74,372
11780,1,801.51,156
11781,1,37.97,335
11782,1,1063.27,363
11783,3,744.5,172
11784,3,1328.02,359
11785,1,406.61,244
11786,1,908.34,21
11787,4,659.46,67
11788,6,2095.16,265
11789,1,2117.32,216
11790,8,151.79,203
11791,3,21187.61,361
11792,4,3544.17,77
11793,12,1749.78,323
11794,5,265.82,202
11795,1,511.91,338
11796,1,4146.61,365
11798,8,3811.29,295
11799,1,2294.25,37
11800,4,458.87,284
11801,1,182.65,366
11802,2,118.03,77
11803,3,3350.11,372
11804,1,470.79,85
11805,1,529.46,368
11806,1,1260.58,55
11807,1,6359.78,321
11808,8,382.77,184
11809,1,777.34,100
11810,5,593.44,367
11811,1,447.68,289
11812,6,319.5,248
11813,1,321.8,114
11814,1,122.69,185
11815,4,445.11,69
11816,4,2481.62,136
11817,2,277.34,183
11818,1,1126.57,364
11819,1,267.15,217
11820,2,2048.43,358
11821,4,189.48,200
11822,4,174.22,372
11823,2,665.12,163
11824,4,133.1,42
11825,3,3163.33,177
11827,7,626.83,206
11828,6,399.2,315
11829,1,2040.18,280
11830,3,5531.28,231
11831,7,870.02,358
11832,1,925.64,60
11833,2,412.04,207
11834,7,913.43,366
11835,3,6579.77,73
11836,8,790.96,76
11837,1,181.94,370
11838,10,250.51,371
11839,1,3346.55,274
11840,4,599.98,289
11841,5,553.97,371
11842,1,222.0,353
11843,3,427.81,356
11844,4,178.95,368
11845,10,155.3,24
11846,2,949.09,140
11847,2,2162.7,210
11848,1,57.7,368
11849,5,788.0,36
11850,1,538.74,25
11851,2,234.05,260
11852,2,964.97,308
11853,1,2045.59,49
11854,8,1145.92,368
11855,2,1488.11,133
11856,3,2328.88,367
11857,1,221.05,211
11858,1,9944.39,241
11859,1,646.81,365
11860,1,153.11,23
11861,3,62.43,64
11862,1,784.56,356
11863,4,1058.28,235
11864,2,135.88,372
11865,2,139.52,357
11866,1,360.1,312
11867,2,4007.07,60
11868,4,1579.46,289
11870,1,406.47,325
11871,3,1046.56,288
11872,1,1382.75,212
11873,1,623.21,133
11874,5,165.0,365
11875,4,702.7,252
11876,1,6619.01,263
11877,1,309.54,204
11878,6,928.01,49
11879,8,800.59,56
11880,2,2517.5,58
11881,1,1340.93,191
11882,9,233.81,309
11884,4,388.75,60
11885,1,110.42,41
11886,2,626.13,100
11887,2,5230.97,86
11888,5,5397.85,357
11889,7,276.22,297
11890,4,2321.05,142
11891,3,2568.53,364
11892,8,260.17,136
11893,2,11156.3,280
11894,1,243.55,372
11895,1,191.69,39
11896,3,591.34,24
11897,4,631.95,29
11898,1,3534.54,90
11899,2,51.3,366
11900,7,753.39,309
11901,2,1705.94,28
11902,1,1126.0,296
11903,8,179.12,282
11904,2,457.75,346
11905,6,270.96,335
11906,2,1462.74,366
11907,6,974.54,356
11908,2,657.32,319
11909,4,1131.71,23
11910,7,690.67,240
11911,1,309.52,364
11912,2,442.52,359
11913,1,10672.41,248
11914,5,345.43,24
11915,2,239.98,365
11916,2,780.47,368
11917,1,1237.78,290
11918,2,7122.91,330
11919,1,482.21,6
11920,4,388.07,78
11921,2,135.34,367
11922,1,10492.76,364
11924,5,348.72,199
11925,2,2868.39,310
11926,1,798.64,246
11927,10,2240.02,273
11928,2,682.69,133
11929,3,236.05,59
11930,2,2006.67,370
11931,2,289.8,350
11932,1,679.2,371
11933,2,271.19,231
11934,2,180.37,172
11935,1,250.03,364
11936,3,1789.91,240
11937,8,130.44,356
11938,5,845.59,289
11939,8,426.96,65
11940,2,1059.17,219
11941,8,2072.05,211
11942,4,663.63,332
11943,1,217.73,66
11944,7,618.61,322
11945,2,337.39,127
11946,1,2474.08,203
11947,2,156.91,276
11948,1,2224.61,356
11949,1,2380.89,184
11951,3,863.98,289
11952,2,16460.85,316
11953,1,816.15,263
11954,2,611.86,128
11955,12,1905.89,371
11956,2,93.78,107
11957,1,320.6,242
11958,2,380.49,356
11960,3,6775.38,281
11961,1,215.83,368
11962,2,205.26,45
11963,4,1793.42,333
11964,1,706.47,59
11965,1,498.77,58
11966,1,921.05,164
11967,3,392.29,99
11968,1,2385.73,170
11969,10,1846.38,304
11970,1,1143.88,72
11971,2,81.4,269
11972,1,909.3,146
11973,3,88.5,225
11974,3,1316.25,298
11975,1,560.59,253
11976,1,579.86,291
11977,1,804.12,52
11978,5,279.0,35
11979,8,251.41,239
11980,1,854.97,65
11981,1,623.9,77
11982,2,133.41,106
11983,1,110.87,36
11984,1,151.83,365
11985,1,74.4,372
11986,3,684.95,73
11987,7,675.25,9
11988,1,250.08,279
11989,2,1474.9,80
11990,3,75.69,56
11991,3,446.08,359
11992,1,233.29,364
11993,11,4394.71,311
11994,9,974.97,251
11995,1,418.59,155
11997,4,415.81,72
11998,2,1286.13,167
11999,1,626.75,253
12000,1,425.03,290
12001,1,377.56,211
12002,2,3704.94,359
12003,2,429.74,367
12004,4,663.71,233
12005,5,228.66,45
12006,2,6700.0,352
12007,5,2273.18,370
12009,1,225.83,259
12010,1,439.45,66
12011,1,71.57,57
12012,4,600.14,333
12013,5,982.41,239
12014,1,192.11,366
12015,4,741.04,259
12016,7,562.76,371
12017,1,3704.42,43
12018,3,2215.4,78
12019,6,802.71,242
12020,3,530.14,287
12021,4,14.5,367
12022,4,2526.67,221
12023,1,2382.36,321
12024,2,322.99,244
12025,5,26772.78,330
12026,1,1041.56,315
12027,3,213.45,360
12028,1,901.21,363
12029,4,1468.26,94
12030,2,3750.65,216
12031,2,7227.94,275
12032,1,2272.8,6
12033,4,2040.14,148
12034,5,290.37,277
12035,1,383.01,234
12036,11,3214.09,142
12037,3,418.81,307
12038,1,236.18,290
12039,2,1135.47,205
12040,1,283.2,302
12041,3,1693.27,288
12042,1,336.95,116
12043,1,4007.01,32
12044,2,2542.0,42
12046,1,3941.43,17
12048,2,4200.35,365
12049,2,2816.79,38
12051,1,477.29,182
12052,1,915.02,371
12053,6,6917.36,239
12054,2,1127.62,240
12055,1,934.71,14
12056,2,2027.67,177
12058,3,1382.06,361
12059,5,341.45,86
12060,3,806.32,246
12061,1,671.42,212
12062,1,2599.21,72
12063,6,159.4,43
12064,1,1231.96,372
12065,1,3515.2,367
12066,3,150.53,31
12067,2,340.89,175
12068,1,373.99,70
12069,3,405.44,93
12070,1,244.1,70
12071,1,139.52,372
12072,2,1257.7,327
12073,1,758.94,104
12074,2,270.65,90
12075,1,76.53,293
12076,3,324.24,289
12077,3,324.23,357
12078,1,4167.1,366
12080,4,1151.52,122
12081,3,2467.66,269
12082,2,302.38,176
12083,1,74.5,357
12084,2,66170.15,247
12085,2,380.59,108
12086,1,224.91,325
12087,1,145.04,357
12089,4,361.64,316
12090,6,404.61,272
12091,1,1070.51,188
12092,1,2868.94,200
12093,3,271.25,357
12094,7,2235.83,317
12095,3,2088.4,367
12096,7,107.83,158
12097,5,7082.43,352
12101,2,2705.69,287
12102,5,1080.64,367
12103,2,674.7,20
12105,1,2209.84,46
12106,1,1376.63,60
12107,7,347.64,149
12108,3,307.07,44
12110,21,7144.5,358
12111,5,463.03,302
12112,3,1628.94,260
12113,9,306.74,238
12114,4,328.19,372
12115,2,268.27,203
12116,4,732.43,331
12117,4,2156.41,195
12118,2,178.32,260
12119,2,231.33,128
12121,3,2611.77,119
12122,1,819.14,287
12124,7,847.34,168
12125,1,360.14,16
12126,3,119.73,129
12127,3,59.32,196
12128,1,135.39,260
12129,7,410.8,371
12130,1,288.56,371
12131,1,348.16,364
12132,1,674.69,336
12133,1,1008.42,194
12134,1,77.44,62
12135,1,4632.72,361
12136,5,6171.43,277
12137,2,1594.71,308
12138,7,434.34,239
12139,8,1237.68,310
12140,1,2474.19,240
12141,1,221.69,295
12142,1,191.22,181
12143,1,557.07,149
12144,6,132.7,69
12146,6,199.98,371
12147,1,168.3,302
12148,3,881.06,200
12149,1,302.31,331
12150,1,1415.66,364
12151,2,1794.26,288
12152,1,259.38,273
12153,4,920.04,266
12154,2,815.63,37
12155,1,486.56,317
12156,1,607.45,53
12157,2,2888.58,286
12158,4,2780.68,210
12159,5,3601.94,370
12160,16,2298.95,366
12161,4,780.55,353
12162,1,289.95,360
12163,2,876.31,203
12164,1,806.9,84
12165,4,164.91,123
12166,8,3338.62,263
12168,3,1305.06,175
12169,1,513.98,353
12170,1,4276.19,321
12171,10,5988.15,77
12172,1,134.98,93
12173,7,232.88,63
12175,1,1214.68,322
12176,2,865.69,287
12177,3,302.15,63
12178,3,537.0,274
12179,1,458.53,358
12180,1,635.66,214
12181,2,84.54,249
12182,4,307.78,154
12183,8,731.17,363
12184,1,1407.1,247
12185,1,788.15,338
12186,7,5075.95,80
12187,2,116.01,51
12188,8,458.7,365
12189,1,762.13,130
12190,2,3122.76,58
12191,1,924.75,185
12194,2,434.8,296
12195,10,382.09,179
12196,1,88.1,49
12197,2,74.4,363
12198,3,418.05,169
12199,2,450.2,372
12200,2,104.83,153
12201,1,492.87,265
12202,2,5144.12,7
12204,3,439.61,43
12205,5,1871.0,70
12206,3,545.09,279
12207,1,141.5,351
12208,2,590.0,216
12209,2,520.8,83
12210,4,1775.61,324
12211,3,523.5,352
12212,7,163.86,368
12213,1,757.52,277
12214,1,396.89,183
12216,1,76.32,209
12218,2,399.6,319
12219,1,2477.18,184
12220,16,3090.04,153
12221,2,102.08,62
12222,2,214.85,154
12223,5,1385.45,321
12224,2,227.23,139
12225,1,2106.93,210
12226,13,2579.4,252
12227,4,3506.61,177
12228,4,236.74,361
12229,7,604.7,23
12230,2,2826.33,74
12231,3,675.28,175
12233,9,803.23,156
12234,3,109.28,164
12235,12,16244.6,207
12237,1,91.92,9
12238,9,5284.99,36
12239,1,18.13,262
12240,1,7152.91,365
12241,3,5693.05,283
12242,1,457.76,332
12243,1,1324.79,311
12244,3,234.12,326
12245,3,612.14,316
12246,1,328.21,372
12247,1,439.5,317
12248,5,10577.12,248
12249,3,215.03,253
12250,7,663.49,214
12251,2,1737.57,276
12252,1,248.61,105
12253,1,7277.01,123
12254,2,934.02,46
12255,1,552.19,191
12256,1,7027.52,308
12257,3,118.36,357
12258,1,224.04,74
12259,2,501.51,31
12260,1,1331.4,24
12261,1,1182.52,178
12262,8,1471.49,51
12263,1,438.45,316
12264,3,81.05,120
12265,6,2036.81,74
12266,1,2647.38,63
12267,1,17.7,273
12268,2,2636.52,358
12269,1,864.92,74
12270,5,4812.18,266
12272,1,3737.95,289
12273,1,1143.3,237
12274,3,547.53,276
12275,1,154.85,336
12276,1,420.99,254
12278,1,142.5,182
12279,1,541.96,367
12280,10,118.79,24
12281,4,414.84,363
12282,3,332.31,11
12283,5,597.5,317
12284,1,653.67,366
12285,4,3817.2,105
12286,6,313.94,64
12288,2,2500.77,259
12289,5,365.34,315
12290,3,376.89,196
12291,6,1153.95,335
12292,5,403.97,29
12293,1,16369.12,225
12294,6,138.29,370
12295,1,1271.79,42
12296,2,267.16,172
12297,1,113.44,38
12298,1,932.96,224
12299,7,680.04,199
12300,1,141.59,142
12302,1,3914.71,203
12303,3,383.55,328
12304,3,2089.79,276
12305,4,135.88,63
12306,1,363.02,371
12307,3,5227.74,361
12308,1,1590.4,365
12309,1,403.3,202
12310,1,313.93,276
12311,3,607.1,246
12312,4,1888.49,364
12313,3,462.0,146
12314,1,8468.71,25
12315,1,712.28,30
12317,5,784.48,10
12318,2,146.87,76
12319,6,1095.52,331
12320,1,495.51,371
12321,3,174.74,358
12322,1,476.47,307
12323,3,311.03,142
12324,1,197.36,16
12325,1,1825.34,211
12326,7,49.05,195
12327,1,2531.89,337
12328,2,1051.35,310
12329,1,354.09,309
12330,1,76.74,23
12331,2,122.96,182
12332,1,145.69,43
12333,1,536.99,293
12334,1,116.01,245
12335,2,112.49,64
12336,1,3959.51,36
12337,1,252.06,233
12339,1,365.71,25
12340,2,300.97,248
12341,10,538.38,294
12342,2,250.14,294
12343,1,4009.98,360
12344,3,600.07,23
12346,3,1716.16,259
12347,4,2425.86,197
12348,2,848.32,28
12350,5,623.45,283
12351,2,256.4,56
12352,1,449.93,372
12353,12,2623.62,367
12354,6,5748.92,316
12355,1,2995.11,368
12356,4,529.71,147
12357,1,4952.65,283
12358,8,384.06,372
12359,5,615.26,282
12360,2,494.38,372
12362,2,1660.96,265
12363,3,1295.38,368
12364,3,1541.7,336
12365,7,885.89,29
12366,1,2643.65,120
12367,1,3422.87,115
12368,1,307.57,234
12369,9,311.71,350
12370,2,465.6,59
12371,6,841.09,238
12372,1,305.02,363
12373,2,534.41,179
12374,3,600.0,168
12376,1,3349.96,214
12377,1,307.72,353
12378,1,1400.42,175
12380,7,707.87,367
12381,2,312.05,359
12382,4,502.01,309
12383,1,962.22,158
12384,2,286.32,50
12385,1,820.93,39
12386,2,389.82,241
12387,9,136.57,244
12388,1,189.89,280
12389,1,245.53,335
12390,2,332.43,185
12391,1,394.09,335
12393,1,204.98,363
12394,1,1678.02,217
12395,4,909.65,20
12396,1,638.21,356
12397,8,22.77,295
12398,7,1498.97,264
12399,2,126.14,363
12400,1,217.18,283
12401,1,75.95,260
12402,4,606.47,317
12403,1,1004.61,361
12404,7,834.46,58
12405,9,1484.14,125
12406,3,280.55,251
12407,2,43.4,241
12408,1,377.69,357
12409,1,559.96,41
12410,7,2113.57,38
12411,2,10664.47,368
12412,1,2676.41,288
12413,1,511.36,341
12414,1,713.13,29
12415,1,230.29,287
12416,2,288.49,284
12417,3,918.2,62
12418,4,69.8,200
12419,1,426.96,1
12420,1,991.89,318
12421,1,671.85,238
12422,1,572.38,28
12423,7,448.18,282
12424,2,147.19,175
12425,8,2266.26,231
12428,1,492.79,35
12429,3,241.08,184
12430,2,1797.95,315
12431,1,265.43,24
12432,5,3167.08,37
12433,1,4395.18,66
12434,1,2663.75,210
12436,3,4951.49,109
12437,8,620.37,261
12438,7,138.13,314
12439,1,2388.85,301
12440,3,632.69,287
12441,2,570.19,269
12442,3,310.73,310
12443,1,1366.54,367
12444,2,10061.12,372
12445,2,138.03,6
12446,1,1143.2,210
12447,1,1372.94,294
12448,10,389.62,254
12449,1,80.8,357
12450,1,4091.73,281
12451,3,507.07,126
12452,6,2363.6,322
12453,11,2806.92,58
12454,19,3104.65,24
12455,3,288.37,358
12456,2,131.65,50
12457,5,609.34,245
12458,3,3226.07,104
12459,2,2531.66,77
12460,1,234.26,169
12461,4,226.01,280
12462,3,5010.54,367
12463,1,114.13,371
12464,1,36.16,372
12465,4,1132.05,365
12466,2,455.92,366
12467,4,2910.14,183
12468,1,364.65,88
12469,5,2791.41,232
12470,1,112.8,357
12471,2,2794.7,74
12472,4,778.06,65
12473,11,1704.4,359
12474,3,864.89,105
12475,1,1509.0,357
12476,6,912.81,255
12477,1,225.83,63
12478,2,200.47,319
12479,1,155.83,323
12480,2,332.64,27
12481,1,958.56,260
12482,6,306.14,351
12483,1,178.96,372
12484,2,239533.89,371
12485,1,1071.84,317
12486,1,200.35,325
12487,3,413.86,241
12488,6,627.5,365
12489,1,412.18,262
12490,1,2044.65,24
12491,4,103.3,276
12492,1,2329.8,132
12493,1,457.87,28
12494,3,134.84,357
12495,1,784.03,165
12497,1,331.2,20
12498,9,1062.89,372
12499,1,2247.82,1
12500,1,109.12,182
12501,2,524.84,153
12502,2,158.87,258
12503,1,468.81,53
12504,1,591.36,258
12505,2,112.39,330
12506,4,429.09,170
12507,8,3716.26,203
12508,1,810.58,62
12509,1,10520.08,297
12510,1,306.72,371
12511,1,343.35,367
12512,2,890.33,38
12513,4,417.29,70
12514,1,1085.12,253
12515,6,225.84,246
12516,1,411.44,21
12517,2,3842.62,363
12518,2,168.31,331
12519,4,290.43,371
12520,1,383.69,328
12521,2,1268.74,252
12522,2,1578.75,161
12523,2,56.31,168
12524,2,1124.74,2
12525,2,698.21,34
12526,4,389.61,30
12527,1,5854.66,231
12528,2,506.84,225
12529,1,404.31,225
12530,2,2975.94,258
12531,1,5904.6,317
12533,6,1603.67,179
12534,1,136.78,367
12535,4,213.02,311
12536,2,234.08,371
12537,3,2788.98,188
12538,1,2740.56,283
12539,4,330.96,188
12540,5,3098.43,104
12541,8,1010.04,245
12542,6,860.57,364
12543,1,584.44,238
12544,2,399.76,189
12545,2,185.85,262
12546,2,730.92,372
12547,2,305.45,282
12548,3,1135.11,310
12549,5,377.8,319
12550,7,432.46,366
12551,1,1440.97,87
12552,3,1567.67,246
12553,4,110.38,372
12554,3,482.33,234
12555,1,213.29,323
12556,2,248.42,310
12557,1,4350.45,149
12558,2,4687.58,246
12559,1,15.0,239
12560,2,3344.6,239
12562,3,3158.23,321
12563,2,835.32,56
12564,3,642.8,308
12565,2,3722.53,262
12566,6,111.52,295
12567,1,2225.95,21
12568,4,4933.18,329
12569,2,412.62,39
12570,5,692.22,241
12571,2,3074.99,268
12572,4,345.56,14
12573,2,1058.45,84
12574,8,7977.68,309
12575,1,174.82,214
12576,1,2603.5,18
12577,1,309.89,338
12578,1,447.15,186
12579,4,1206.14,245
12580,2,177.67,77
12581,1,1237.6,273
12582,4,3638.78,296
12583,5,101.72,368
12584,3,675.9,317
12585,6,2132.47,315
12586,1,501.13,153
12587,2,2504.58,168
12588,1,537.02,276
12590,3,3191.2,365
12591,14,2542.88,366
12593,2,1418.29,46
12594,8,357.73,115
12595,1,126.13,308
12596,1,582.66,368
12597,2,4481.2,367
12599,4,9038.6,365
12600,5,314.45,253
12601,2,3407.14,182
12602,4,4415.65,371
12603,3,5060.97,368
12604,1,971.74,274
12606,10,371.58,336
12607,3,1740.5,44
12608,2,677.1,199
12609,3,138.25,265
12610,5,311.88,371
12611,1,38.17,29
12612,16,4046.31,372
12613,1,1260.37,316
12614,2,2623.87,17
12615,8,2700.45,197
12616,1,460.87,21
12617,2,77.43,249
12618,1,475.34,84
12619,1,725.19,331
12620,1,1618.67,316
12621,3,152.2,59
12622,4,604.52,266
12623,1,684.35,195
12624,1,370.81,225
12625,9,6694.35,43
12626,15,8209.0,49
12627,1,1721.68,38
12628,3,388.5,352
12629,6,176.69,112
12630,4,5412.61,318
12631,10,2633.22,123
12632,2,2093.22,304
12633,1,889.24,226
12634,3,173.97,309
12635,1,224.99,291
12636,1,2537.56,258
12637,4,110.43,357
12638,4,455.5,178
12639,2,3090.49,77
12640,5,620.1,372
12641,5,13246.46,182
12642,2,618.09,80
12643,1,349.22,212
12644,4,133.62,352
12645,11,2117.51,195
12646,8,417.28,155
12647,1,485.24,273
12648,5,102.85,357
12649,4,579.35,336
12650,5,1191.31,217
12651,1,111.96,364
12652,1,430.57,287
12653,1,201.17,226
12654,2,754.68,308
12656,2,406.94,219
12657,1,920.65,260
12658,1,309.05,311
12659,8,790.29,226
12660,4,1422.97,181
12661,1,166.1,58
12662,1,411.9,367
12663,2,1692.6,39
12664,8,498.7,16
12665,2,206.97,13
12666,4,243.42,258
12667,2,417.31,295
12668,1,338.84,132
12669,1,601.01,275
12670,7,933.05,277
12671,3,2225.67,59
12672,1,748.65,240
12673,2,9415.61,263
12674,5,2679.56,288
12675,1,851.69,53
12676,5,605.72,367
12677,1,165.0,296
12678,5,1134.94,367
12679,5,1079.4,332
12680,6,1474.58,260
12681,1,968.49,364
12682,4,2801.13,150
12684,1,3622.98,279
12686,2,109.14,314
12687,2,405.65,153
12688,3,440.0,254
12689,1,654.62,329
12690,1,360.01,178
12691,6,330.32,364
12692,6,3349.43,364
12693,1,423.73,95
12694,1,309.88,322
12695,3,395.61,321
12696,5,973.85,72
12697,1,2099.39,231
12698,3,339.92,370
12699,4,221.16,325
12700,6,174.38,372
12701,3,1699.24,275
12702,3,4600.26,361
12703,4,228.09,31
12704,2,541.66,99
12705,1,3979.68,102
12706,6,379.71,308
12707,1,361.12,302
12708,2,276.32,207
12709,6,99.79,303
12710,2,163.88,241
12711,2,982.41,74
12712,4,305.4,371
12713,5,1529.76,310
12714,1,449.47,231
12715,2,689.18,143
12716,1,855.0,273
12717,1,380.44,4
12718,5,674.83,56
12719,7,455.79,64
12720,2,3163.19,171
12722,1,5655.92,367
12723,1,784.35,295
12724,2,223.86,84
12725,1,182.63,353
12726,2,167.6,276
12727,1,2043.76,372
12728,2,791.72,372
12729,4,1539.98,42
12730,1,276.89,259
12731,4,1530.78,93
12732,1,2418.94,274
12733,2,4754.31,365
12734,4,422.53,335
12735,6,2871.89,294
12736,1,197.8,123
12737,1,1064.21,43
12738,6,378.35,333
12739,2,1438.18,357
12740,1,529.43,92
12741,1,1575.98,333
12742,2,2114.75,237
12743,2,227.2,72
12744,2,353.59,132
12745,2,307.04,357
12746,1,3639.3,20
12747,6,238.45,23
12748,7,134.06,234
12749,1,588.15,368
12750,2,348.02,259
12751,3,673.11,358
12752,10,2880.3,85
12753,3,200.38,364
12754,1,762.99,56
12755,1,856.02,317
12756,8,1826.68,356
12757,1,996.1,144
12758,2,388.92,289
12759,2,1337.61,357
12760,5,2155.89,331
12761,3,4879.92,170
12762,5,185.67,364
12763,4,1107.53,325
12764,3,167.5,30
12765,5,571.73,10
12766,3,549.05,45
12767,1,172.01,357
12768,3,657.29,32
12769,6,2127.97,318
12770,1,458.14,358
12771,3,302.37,59
12772,7,1820.31,204
12773,2,1314.7,60
12774,1,3449.74,252
12775,2,108.02,77
12776,2,688.41,237
12777,2,5512.78,213
12778,3,3723.44,283
12779,1,157.14,297
12780,1,7833.9,266
12781,2,605.27,217
12782,1,306.96,200
12783,1,8626.12,282
12784,13,1970.65,295
12785,1,156.84,224
12786,6,90.21,139
12788,1,1838.92,216
12789,1,1552.41,289
12790,7,1420.16,105
12791,4,122.4,112
12792,5,211.87,371
12794,1,1076.87,273
12795,2,1713.76,254
12796,1,518.13,83
12797,1,245.95,157
12798,3,8540.46,363
12799,12,1779.81,58
12800,3,321.15,371
12801,8,339.57,353
12802,12,2999.78,50
12803,1,1126.52,307
12804,1,1997.18,66
12805,3,454.67,99
12806,3,257.69,371
12807,5,662.58,55
12808,1,252.33,241
12809,3,3440.83,283
12810,9,1957.78,90
12811,1,115.61,309
12812,2,79.2,352
12813,1,2156.74,38
12814,10,1316.57,365
12815,3,574.9,263
12816,1,1121.42,56
12817,6,157.04,286
12819,1,803.12,141
12820,1,386.5,58
12822,7,432.29,172
12823,6,704.98,357
12825,1,1075.19,70
12826,7,2032.04,150
12827,3,307.75,276
12828,1,240.68,212
12829,4,197.48,252
12830,3,127.86,35
12831,1,384.4,246
12832,3,201.19,358
12833,4,1628.76,97
12835,2,171.67,368
12836,13,4016.98,365
12837,1,382.53,24
12838,4,188.84,329
12840,3,1516.87,27
12841,5,373.14,120
12842,9,267.16,359
12843,1,1620.64,161
12845,4,478.14,200
12846,1,364.57,86
12847,1,324.94,239
12848,2,1173.39,371
12849,1,642.79,129
12850,2,213.68,60
12851,3,924.7,56
12852,1,5109.29,118
12853,1,668.2,372
12855,3,3980.71,331
12856,2,151.67,296
12857,6,301.29,316
12858,1,598.09,357
12859,1,1572.35,370
12860,1,623.06,289
12861,2,1627.81,45
12862,5,1561.44,93
12863,2,481.12,168
12864,3,337.79,50
12865,3,304.17,73
12866,5,443.02,21
12867,2,226.99,322
12868,8,170.55,309
12869,2,1137.74,77
12870,4,494.28,259
12871,1,226.64,247
12872,1,424.15,46
12874,4,41.58,57
12875,2,1826.18,321
12876,4,259.04,178
12877,1,53.46,85
12878,1,271.0,203
12879,8,102.81,290
12880,7,482.23,310
12881,3,9461.86,133
12882,1,158.15,354
12883,1,1836.2,252
12884,2,1721.6,272
12885,4,1224.02,266
12886,2,527.12,161
12887,2,207.5,368
12888,1,254.48,80
12889,2,560.62,72
12891,3,12610.59,372
12892,2,607.24,5
12893,1,364.75,291
12894,6,2736.41,18
12895,1,427.73,58
12896,4,707.08,360
12897,1,954.99,318
12898,2,1841.9,20
12899,2,210.35,29
12900,2,268.08,254
12901,1,517.54,175
12903,1,8442.9,324
12904,4,228.11,372
12905,1,1025.44,363
12906,1,1942.46,274
12907,6,223.36,195
12909,3,3062.85,77
12910,3,373.47,197
12911,2,157.07,23
12912,5,423.82,64
12913,1,182.32,321
12914,1,571.71,304
12916,3,2863.43,38
12917,1,5502.38,24
12918,1,638.37,132
12919,5,1659.96,147
12920,6,595.19,59
12921,5,157.95,35
12922,2,3443.4,225
12923,2,1062.95,287
12924,7,668.98,364
12925,5,860.03,170
12926,3,1693.35,371
12927,2,3738.73,76
12928,1,157.02,321
12929,1,2037.89,114
12930,3,890.74,276
12932,1,400.65,310
12934,2,1290.77,272
12935,4,193.49,331
12936,1,675.28,371
12937,3,942.31,231
12938,6,363.98,29
12939,1,13746.47,80
12940,1,3102.08,59
12941,2,874.36,13
12942,4,114.36,365
12943,1,169.48,178
12944,5,610.0,104
12945,4,668.11,364
12946,3,3483.82,365
12947,2,201.25,359
12948,1,870.11,210
12949,1,323.03,350
12950,1,5953.83,195
12952,1,475.29,64
12953,1,3480.79,114
12954,1,284.1,49
12955,1,373.12,59
12956,3,6777.07,49
12957,1,298.4,22
12958,9,135.83,200
12959,5,144.18,237
12961,7,8630.5,361
12963,2,418.92,283
12964,8,247.34,295
12965,7,12317.53,191
12966,2,361.05,281
12967,4,139.37,74
12968,1,256.01,356
12969,2,1009.59,197
12970,3,439.62,115
12971,4,446.31,295
12972,1,30.31,309
12973,5,2561.29,52
12974,16,2995.82,217
12975,2,498.79,262
12976,7,1312.16,279
12977,4,2232.67,136
12978,15,8922.99,251
12979,1,169.7,296
12981,2,3124.72,94
12982,1,1031.41,309
12984,1,1862.3,371
12985,3,829.96,368
12988,2,557.8,179
12989,2,320.58,307
12990,3,307.05,287
12991,7,351.42,287
12992,5,5008.28,295
12993,5,173.18,78
12994,3,220.94,367
12995,2,775.63,36
12996,1,90.05,252
12997,3,607.22,20
12998,8,312.17,86
12999,1,443.57,245
13000,3,2182.11,156
13001,4,393.41,85
13002,1,16591.07,357
13003,4,3454.91,308
13004,1,422.94,217
13005,2,1869.98,255
13006,4,787.8,113
13007,3,260.08,198
13008,2,583.97,217
13009,4,1281.53,316
13010,1,158.04,317
13012,2,195.76,358
13013,2,675.29,219
13014,2,659.64,81
13015,7,618.1,357
13016,1,95.3,153
13017,5,140.63,360
13018,3,137.4,25
13019,1,189.47,371
13020,1,741.34,358
13021,4,3718.89,79
13022,4,1811.76,365
13023,5,330.48,188
13024,3,351.36,358
13025,1,1374.03,231
13026,3,38.12,42
13027,1,168.13,315
13028,1,1267.52,51
13029,5,27.01,360
13030,5,108.03,169
13031,2,1292.37,331
13032,1,849.02,359
13033,1,845.75,17
13034,5,290.24,351
13035,3,1118.96,139
13036,4,2247.81,210
13037,1,1035.47,59
13038,5,309.04,203
13039,3,616.42,368
13040,3,363.55,363
13041,2,1866.86,259
13042,3,458.95,330
13043,1,1461.81,290
13044,1,278.01,6
13045,7,1106.9,218
13046,2,712.66,304
13047,2,2248.3,252
13048,1,1345.53,105
13049,1,444.45,168
13050,7,147.19,331
13051,1,298.47,289
13052,2,579.16,335
13053,1,612.06,188
13054,9,378.88,303
13055,1,305.28,30
13056,3,407.6,83
13057,1,363.65,29
13058,1,2298.97,308
13059,4,3158.35,78
13060,3,177.07,332
13061,8,1231.4,372
13062,2,399.53,59
13063,2,633.8,46
13064,2,804.45,295
13065,3,447.67,372
13066,4,1269.44,317
13067,4,562.99,202
13068,4,38.08,283
13069,2,220.95,317
13070,1,1540.53,111
13071,1,1069.94,88
13072,2,237.9,80
13073,5,693.96,206
13074,4,1419.81,284
13075,2,639.02,280
13076,2,689.51,172
13077,2,1051.49,77
13078,1,121767.04,358
13079,3,667.12,275
13080,7,1885.46,13
13082,4,3506.84,358
13083,3,377.48,245
13084,1,1878.53,367
13085,1,1930.35,368
13086,1,1867.46,142
13087,1,1212.35,144
13088,3,1756.82,232
13089,3,1346.63,283
13090,7,16589.82,165
13091,2,562.68,265
13092,1,173.11,224
13093,2,1511.99,88
13094,1,2139.03,218
13095,2,4630.18,121
13096,3,425.98,186
13097,1,178.95,66
13098,1,1816.72,6
13099,5,272.0,212
13100,1,3252.41,66
13101,4,442.56,372
13102,4,610.57,30
13103,1,781.03,317
13104,2,527.7,371
13105,2,4258.32,221
13106,1,4934.52,328
13107,2,203.88,30
13108,4,2637.35,358
13109,4,2777.31,86
13110,2,2520.47,357
13111,3,570.47,119
13112,2,4870.03,160
13113,1,275.54,359
13114,1,286.86,335
13115,2,532.96,304
13116,1,503.42,63
13117,5,3546.23,95
13118,1,3722.9,307
13120,8,135.94,42
13121,4,606.63,248
13122,1,775.92,314
13123,4,605.12,283
13124,2,356.93,77
13125,2,717.75,371
13126,27,2107.28,113
13127,4,693.24,50
13128,2,801.56,182
13129,2,8028.51,316
13130,3,603.41,372
13131,2,360.13,358
13132,3,3018.94,371
13133,4,689.12,76
13134,4,1579.49,4
13135,14,3017.38,370
13136,6,827.0,56
13137,2,534.79,138
13138,5,337.51,309
13139,7,4488.0,300
13140,3,1257.91,255
13141,1,373.39,296
13142,5,3190.22,275
13143,1,1393.24,333
13144,2,337.58,105
13145,2,620.08,317
13147,1,403.78,276
13148,1,163.57,365
13149,1,864.52,371
13150,4,244.1,11
13151,5,578.24,328
13152,4,213.75,289
13153,1,201.2,353
13154,4,193.39,273
13155,2,328.72,88
13156,4,2370.8,128
13157,2,6464.46,366
13158,2,1223.61,219
13159,3,631.95,333
13160,5,321.87,30
13161,4,250.82,50
13162,1,11711.76,254
13163,1,412.02,49
13164,2,813.48,289
13165,1,252.71,370
13166,2,592.91,216
13167,1,1162.53,311
13168,4,1829.01,295
13169,3,496.85,128
13170,2,63.6,309
13171,1,358.01,16
13173,1,340.85,247
13174,1,987.02,109
13175,2,1027.72,350
13176,3,126.13,323
13177,5,641.69,361
13178,1,1072.34,264
13179,1,18571.24,360
13180,20,4746.16,371
13181,4,1850.67,241
13182,1,4602.65,232
13183,7,2894.52,363
13184,3,416.56,84
13185,6,876.69,338
13186,2,179.05,275
13187,1,372.2,87
13188,12,7366.46,106
13189,2,1122.41,234
13190,1,2232.51,69
13191,2,154.84,42
13192,1,250.01,44
13193,1,818.54,366
13194,2,359.52,295
13195,2,2798.79,191
13196,4,364.39,226
13197,1,411.9,364
13198,2,534.76,148
13199,8,17649.91,232
13200,3,1828.34,290
13201,5,3191.5,328
13202,2,867.97,358
13203,2,447.68,17
13204,1,207.55,202
13205,3,607.38,112
13206,1,578.92,267
13207,1,2308.91,32
13208,1,137.56,372
13209,2,2875.09,359
13210,1,1502.29,203
13211,3,607.49,88
13212,1,67.13,76
13213,2,2245.31,248
13214,4,382.11,363
13215,4,193.46,368
13216,1,400.64,105
13217,3,652.81,358
13218,1,836.98,195
13219,4,723.29,135
13220,1,4597.77,269
13221,4,603.9,263
13222,5,1112.36,311
13223,7,423.2,48
13224,1,1647.43,290
13225,1,16640.01,367
13226,4,867.59,303
13227,1,454.03,365
13228,1,1198.15,368
13229,2,176.81,367
13230,1,891.06,295
13231,1,917.64,359
13232,2,2895.47,365
13233,1,3509.65,233
13234,1,38.64,182
13235,1,228.86,51
13236,2,162.3,333
13237,2,2036.92,363
13238,1,343.61,317
13239,6,258.99,240
13240,1,4481.38,317
13241,7,96.17,171
13242,3,374.04,10
13243,1,323.71,154
13244,1,374.64,181
13245,9,7122.42,282
13246,4,7072.85,49
13248,1,146.17,45
13249,1,197.36,218
13250,5,147.79,142
13251,1,1859.22,41
13252,5,682.94,368
13253,2,365.8,331
13254,4,1816.77,211
13255,17,2617.31,253
13256,9,738.98,119
13257,5,2445.94,286
13258,2,468.85,248
13259,9,662.55,365
13260,1,6436.95,83
13261,2,371.25,223
13263,2,2048.31,247
13264,1,690.31,331
13265,2,638.02,372
13267,1,9818.42,360
13268,1,920.1,367
13270,1,12654.33,71
13271,1,170.02,70
13272,1,4098.73,224
13273,2,1132.37,371
13274,3,1509.78,86
13275,10,11379.87,265
13277,5,538.46,254
13278,1,197.72,126
13279,8,1181.63,364
13280,11,2032.35,107
13281,2,1623.72,361
13282,6,426.91,203
13283,2,1505.39,333
13284,2,155.81,71
13285,1,1496.93,367
13286,1,4111.44,233
13287,2,511.35,168
13289,15,3474.99,45
13290,3,139.01,73
13291,8,621.48,368
13292,3,234.2,178
13293,4,3901.85,364
13295,1,145.89,122
13296,6,12620.29,111
13297,3,1766.66,366
13298,4,957.59,21
13299,1,454.01,286
13300,1,2262.76,245
13301,2,839.47,10
13302,1,1214.5,363
13303,2,28.01,370
13304,1,299.69,233
13305,1,305.28,128
13306,9,816.86,56
13307,1,417.46,140
13308,1,483.69,253
13309,4,1856.69,206
13310,1,407.83,63
13311,3,1687.94,372
13312,2,533.48,211
13313,3,394.09,52
13314,5,1850.79,372
13315,5,328.39,297
13316,1,4415.72,211
13318,10,127.85,85
13319,1,2795.77,280
13320,1,3018.07,331
13321,5,585.32,52
13322,5,2503.46,234
13323,2,3705.61,367
13324,5,684.36,164
13325,4,734.34,28
13326,1,238.85,296
13327,5,349.54,367
13328,1,1307.22,26
13329,1,5106.79,269
13330,2,1613.34,17
13331,4,3104.47,105
13332,3,439.1,24
13333,2,3857.75,198
13334,1,716.29,266
13335,2,765.33,70
13336,1,348.07,233
13337,7,374.47,93
13339,5,982.57,261
13340,1,281.97,52
13341,2,1304.78,22
13342,3,1620.69,251
13343,1,142.4,52
13344,1,215.51,281
13345,8,813.75,175
13346,2,200.14,333
13347,2,518.6,252
13348,3,594.0,364
13349,1,522.92,249
13350,7,2484.45,315
13351,1,203.87,366
13352,1,290.38,259
13353,6,303.66,86
13354,7,204.18,217
13355,1,1715.44,32
13356,5,172.08,288
13357,1,918.2,77
13358,4,1621.66,120
13359,4,2233.93,370
13360,4,590.08,104
13361,2,1470.4,178
13362,2,133.26,203
13363,6,7375.29,167
13364,1,8857.85,269
13365,2,423.89,371
13366,1,6869.78,132
13367,1,1522.18,202
13368,3,4030.89,136
13369,1,865.99,307
13370,2,434.34,280
13371,1,1938.15,97
13372,1,21171.23,357
13373,1,1237.56,88
13374,4,780.41,364
13375,1,1562.06,291
13376,1,361.27,246
13377,3,3166.32,154
13378,1,360.04,312
13379,4,34.05,261
13380,2,207.8,357
13382,1,7170.84,253
13383,5,151.44,337
13384,1,4945.29,365
13385,1,179.42,182
13386,1,996.39,372
13387,1,622.44,366
13388,1,6923.16,267
13389,1,517.22,361
13390,1,215.74,316
13391,3,8432.08,366
13392,1,103.26,288
13393,2,65143.81,322
13394,1,228.98,352
13396,4,3344.43,136
13398,2,655.17,225
13399,2,1078.96,171
13400,3,14443.26,231
13401,7,6290.08,203
13402,1,280.54,287
13403,3,483.3,353
13404,1,1431.97,294
13405,1,1195.94,338
13406,1,2939.19,217
13407,7,561.72,98
13408,7,847.12,167
13409,8,300.37,48
13410,1,693.85,247
13411,3,317.06,49
13412,2,5720.44,55
13414,3,786.46,364
13415,1,6816.07,327
13416,2,180.4,283
13417,3,510.85,17
13418,1,771.87,259
13419,1,404.34,93
13420,7,1488.39,365
13422,9,3469.84,368
13423,6,337.43,63
13424,1,8.06,287
13425,5,876.84,372
13426,7,553.04,297
13427,2,1592.1,296
13428,3,862.7,134
13430,1,1127.44,62
13431,2,679.11,364
13432,6,373.86,197
13433,1,259.33,144
13434,1,3981.11,105
13435,1,1151.18,120
13436,1,820.88,22
13437,2,130.99,368
13438,1,380.38,275
13439,1,4602.59,285
13440,2,755.39,263
13441,2,592.62,314
13442,2,750.11,291
13443,4,4130.73,209
13444,2,76.08,199
13445,4,955.08,350
13446,3,208.8,83
13447,4,972.53,287
13448,1,357.21,15
13449,1,478.14,371
13450,2,534.27,262
13451,2,240.1,305
13452,10,337.42,99
13453,10,226.23,370
13454,5,226.36,324
13455,1,74.15,42
13456,6,913.19,206
13457,1,740.79,288
13458,1,96.34,283
13459,7,697.97,232
13460,2,1078.25,231
13461,2,2930.82,87
13462,6,169.64,231
13463,4,2200.25,224
13464,1,697.55,356
13465,2,1044.82,365
13466,7,207.5,202
13467,1,1977.9,309
13468,7,485.28,24
13470,10,254.87,157
13471,8,357.03,165
13472,2,652.63,275
13473,4,388.53,366
13474,5,626.46,321
13475,10,9817.99,254
13476,9,1018.81,179
13477,4,52.0,16
13478,4,296.63,95
13479,1,818.27,240
13480,1,677.09,171
13481,4,3751.65,225
13482,3,215.05,262
13483,7,355.37,204
13484,1,508.78,34
13485,9,1825.74,233
13486,6,1991.1,370
13487,2,326.4,56
13488,1,272.06,273
13489,1,665.81,17
13490,4,3784.83,177
13491,2,311.25,310
13492,1,1897.76,283
13493,3,2484.18,318
13494,1,2918.15,252
13495,2,335.85,85
13496,8,1661.03,321
13497,3,603.72,254
13498,1,809.5,213
13499,5,847.73,337
13501,1,920.94,136
13502,1,291.62,161
13503,5,2791.32,368
13504,2,1043.33,371
13505,2,239.48,287
13506,2,916.4,350
13507,2,112.45,44
13508,1,257.27,269
13509,5,423.81,307
13510,1,207.25,74
13511,3,228.85,127
13512,3,188.72,66
13513,1,192.6,333
13514,3,1385.52,67
13515,3,194.9,247
13516,8,1420.25,38
13517,2,414.17,371
13518,1,826.81,39
13519,2,458.77,364
13520,1,4203.06,184
13521,3,1099.78,267
13522,3,243.23,147
13523,1,205.65,126
13524,1,306.45,42
13525,3,127.61,205
13526,1,155.07,357
13527,1,251.88,365
13528,1,787.96,298
13529,6,708.9,275
13530,7,415.22,331
13531,5,3000.07,58
13532,1,538.98,364
13533,5,2088.5,303
13534,2,329.29,276
13535,2,2120.59,31
13536,2,113.51,113
13537,4,2338.88,226
13538,8,149.37,170
13539,1,4343.38,366
13540,8,778.19,338
13541,3,4027.87,372
13542,3,948.95,247
13543,1,283.73,302
13544,4,636.28,194
13545,1,413.58,370
13546,7,271635.06,364
13547,4,143.0,365
13548,1,110.24,370
13549,3,1709.45,294
13550,3,167.64,263
13551,1,415.12,78
13552,1,208.73,28
13553,1,1362.71,239
13554,2,1246.23,357
13555,6,122.21,367
13556,3,3062.67,335
13557,1,135.94,219
13558,3,1509.72,76
13559,4,186.41,210
13561,6,265.72,300
13562,2,360.98,371
13563,1,1267.17,39
13564,1,354.01,284
13566,8,111.98,317
13567,2,2925.23,210
13569,5,889.96,153
13570,1,191.22,77
13571,3,1261.94,310
13572,2,449.73,326
13573,5,433.11,79
13574,2,309.1,51
13576,5,1708.16,324
13577,3,86471.19,290
13578,8,1878.44,283
13579,2,201.11,358
13580,1,801.03,364
13581,4,519.06,354
13582,1,1411.24,358
13583,2,168.31,114
13584,4,689.14,252
13585,1,1263.41,31
13586,1,300.94,364
13587,6,403.49,214
13588,1,1715.54,221
13589,1,288.19,130
13591,3,135.94,52
13592,1,1017.9,77
13593,3,2709.55,268
13594,2,851.97,331
13595,1,3863.31,218
13596,1,689.14,178
13597,2,310.33,366
13598,3,337.02,251
13599,4,457.89,4
13600,8,938.65,317
13601,1,479.77,63
13603,2,648.77,80
13604,1,291.57,294
13605,5,698.29,366
13606,8,233.8,115
13607,1,1197.76,360
13608,2,523.94,357
13609,7,6.87,82
13610,4,4747.94,371
13611,1,2736.39,302
13612,1,2226.68,365
13613,6,147.12,320
13614,3,2068.68,357
13615,5,1108.35,48
13616,4,2007.43,86
13617,2,1906.01,85
13618,1,1067.84,361
13619,3,3106.58,169
13620,5,307.04,310
13621,1,662.37,211
13622,2,432.09,66
13623,2,678.29,325
13624,5,558.36,295
13625,1,5395.03,262
13626,1,1237.59,361
13627,4,623.04,246
13628,4,1418.14,367
13630,4,309.5,203
13631,5,419.04,372
13632,1,1212.61,296
13633,4,2162.98,168
13634,2,40097.56,329
13635,1,5641.18,265
13636,3,1358.89,238
13637,2,310.57,104
13638,2,1340.64,336
13639,1,1268.97,326
13640,3,388.47,274
13641,1,1530.23,32
13642,1,8996.58,253
13643,3,640.77,358
13644,7,76.02,197
13645,10,712.56,43
13646,1,4211.48,281
13647,2,1060.41,148
13648,1,90.01,302
13649,10,70387.1,212
13650,1,6775.71,65
13651,4,1154.31,293
13652,1,103.09,323
13653,1,822.34,238
13654,1,185.34,10
13655,2,3226.02,181
13656,1,3811.96,70
13657,6,893.47,363
13658,9,1443.33,24
13659,5,446.72,76
13660,9,1522.29,325
13661,2,163.22,214
13662,1,1864.56,329
13663,4,332.66,312
13664,4,282.13,196
13665,1,1936.54,361
13666,3,326.44,18
13667,2,703.36,359
13668,1,2740.51,35
13669,3,138.29,46
13670,9,259.17,28
13671,28,80072.28,77
13672,3,251.63,113
13673,1,40.53,127
13675,3,262.77,125
13676,1,1142.48,158
13677,1,682.16,195
13678,1,651.98,48
13679,11,5535.05,357
13680,1,44180.27,325
13681,2,252.63,253
13682,2,1799.67,22
13683,4,223.73,16
13685,2,16570.57,18
13686,2,4189.22,357
13687,13,5970.47,141
13688,1,159.73,111
13689,7,1175.02,315
13690,2,4547.24,356
13691,3,314.35,353
13692,2,353.27,307
13693,1,887.38,200
13694,1,296.09,224
13695,3,156.51,66
13696,1,332.65,43
13697,3,1087.05,326
13698,1,1483.76,245
13699,1,147.45,60
13700,1,689.4,319
13701,1,341.51,281
13702,1,1234.53,335
13703,4,114363.17,364
13704,7,862.12,364
13705,1,777.3,307
13706,4,193.43,9
13707,1,58.98,293
13708,1,561.59,43
13709,1,96.14,121
13710,1,498.76,52
13711,1,763.09,131
13712,1,1641.85,317
13713,1,4577.44,234
13714,1,163.13,287
13715,1,275.77,328
13716,2,1225.05,169
13717,1,657.8,224
13718,2,387.67,189
13719,6,987.09,158
13720,6,124.09,169
13721,1,5526.89,182
13722,4,3099.95,364
13723,2,494.32,156
13725,3,165.0,105
13726,10,1646.19,226
13727,5,561.8,275
13728,4,388.76,371
13729,5,2791.31,77
13730,8,883.06,133
13731,9,151.45,202
13732,1,734.38,210
13733,2,250.22,364
13734,2,12214.73,137
13735,3,1257.59,163
13736,5,1580.55,333
13737,2,93.88,45
13738,1,498.79,316
13739,6,627.86,309
13740,1,661.57,36
13741,5,279.05,154
13742,6,180.1,365
13743,1,270.35,365
13744,1,559.96,22
13745,2,1603.57,368
13746,1,191.55,51
13747,10,623.45,360
13748,1,357.21,282
13749,4,430.46,45
13751,10,543.96,13
13752,1,3611.42,16
13753,1,3649.21,49
13754,1,3348.64,318
13755,1,867.85,176
13756,1,524.92,369
13757,5,2537.01,35
13758,2,381.23,235
13759,6,381.44,218
13760,7,1802.02,114
13761,2,1029.35,203
13762,2,470.8,248
13764,1,204.75,214
13765,2,1239.36,73
13766,2,537.97,295
13767,2,621.67,368
13768,4,1750.69,179
13769,1,169.89,357
13771,1,4781.63,219
13772,5,1285.09,371
13773,7,2385.4,304
13774,3,196.94,308
13775,2,322.27,73
13776,6,2332.6,46
13777,2,6480.26,63
13778,1,201.14,324
13779,5,706.15,308
13780,2,336.37,66
13781,3,11386.48,18
13782,3,3815.52,366
13783,1,6411.43,212
13784,3,795.72,241
13785,4,338.56,357
13786,2,283.6,364
13787,5,932.92,360
13788,1,27996.32,64
13789,1,196.83,226
13790,1,2282.97,260
13791,5,612.58,128
13792,3,994.01,50
13794,32,7351.43,368
13795,3,1046.56,255
13796,7,920.04,263
13797,4,363.49,28
13798,1,2035.88,46
13799,1,1698.94,190
13800,2,309.56,330
13801,6,152.05,293
13802,2,955.22,171
13803,1,1431.19,150
13804,1,443.04,204
13805,4,6404.95,149
13806,2,3612.44,324
13807,5,180.88,30
13808,6,185.34,365
13809,4,4731.83,251
13810,4,195.25,311
13811,3,558.81,260
13812,4,318.05,251
13813,3,3007.17,84
13814,1,1054.83,259
13815,2,408.56,372
13816,8,18815.86,16
13817,5,73.13,244
13818,1,4051.36,316
13819,2,1843.79,232
13820,1,334.47,175
13821,2,1316.09,210
13822,3,458.54,200
13823,1,111.81,162
13824,2,650.42,366
13825,5,310.54,115
13826,1,529.67,265
13827,1,2428.32,233
13828,1,621.66,210
13829,1,1842.06,217
13830,2,355.54,98
13831,2,730.89,206
13832,4,208.67,226
13833,9,1590.23,370
13834,1,3649.43,372
13835,1,3528.34,64
13836,1,328.3,210
13837,3,1220.13,189
13838,1,394.25,169
13839,1,2218.18,363
13840,2,326.07,357
13841,1,1298.03,260
13842,4,223.88,22
13843,9,546.93,367
13844,1,1351.3,336
13845,5,1008.43,357
13846,1,498.44,177
13847,1,689.11,24
13848,6,116.01,200
13849,2,717.42,326
13850,1,447.66,105
13851,1,348.2,301
13852,1,317.54,184
13853,1,700.78,247
13854,2,1943.41,368
13855,1,308.21,189
13856,1,413.42,214
13857,2,190.54,232
13858,2,6691.77,356
13859,2,14.81,282
13860,2,3745.66,332
13861,1,873.99,248
13862,7,1452.96,371
13863,1,640.95,283
13864,5,2150.45,358
13865,2,422.83,251
13866,2,2319.03,310
13867,5,1678.89,260
13868,2,468.83,211
13869,2,447.18,366
13870,1,777.6,67
13871,2,1003.69,77
13872,7,634.97,204
13873,1,786.89,10
13874,1,123.88,155
13875,1,2621.76,266
13876,1,581.12,365
13877,1,322.29,268
13878,3,306.72,372
13879,4,2639.17,234
13880,1,584.4,335
13881,4,5733.37,238
13882,2,376.62,371
13883,3,205.94,127
13884,3,243.53,56
13885,5,524.71,368
13886,7,92.52,233
13887,2,788.33,133
13888,1,174.37,158
13890,5,113.49,259
13891,1,950.81,178
13892,1,2272.76,316
13893,3,956.5,363
13894,4,235.25,98
13896,2,2622.38,175
13897,3,371.69,359
13898,4,3268.27,364
13899,1,293.32,51
13900,2,642.78,114
13901,3,305.66,175
13902,1,578.95,259
13903,4,89.99,218
13904,8,261.76,105
13905,3,9624.53,316
13906,2,4512.89,372
13908,6,5463.33,332
13909,1,405.55,18
13910,1,674.5,241
13911,7,939.74,325
13912,1,5800.81,307
13913,2,1161.52,364
13914,2,102.85,288
13915,3,1276.12,357
13917,1,1022.21,331
13918,1,683.14,47
13919,2,655.51,368
13920,7,127.86,39
13921,9,234.15,37
13922,1,212.71,260
13923,4,2606.58,282
13924,9,223.5,258
13925,3,656.68,296
13926,1,572.51,370
13927,2,603.68,371
13928,1,690.22,364
13929,2,2631.79,62
13930,1,247.72,367
13931,2,1021.79,28
13932,1,1069.12,363
13933,1,1905.4,175
13934,2,329.66,372
13935,3,572.52,241
13936,1,3300.01,371
13937,2,10468.14,338
13938,3,277.67,284
13939,2,349.26,77
13940,4,538.95,67
13941,5,689.18,62
13942,1,1206.02,372
13943,2,223.86,20
13944,2,217.18,315
13945,1,14828.81,190
13946,2,2612.94,41
13947,5,476.4,175
13948,6,1345.61,364
13949,2,606.23,133
13950,3,1652.83,305
13951,7,511.36,183
13952,3,2836.74,371
13953,1,992.23,274
13954,2,2969.89,268
13955,1,1138.37,80
13957,9,446.96,185
13958,1,192.36,23
13959,8,233.22,116
13960,3,534.24,317
13961,2,696.06,280
13962,1,1039.3,238
13963,3,5900.41,240
13964,3,161.76,170
13965,1,155.92,294
13966,2,446.41,76
13967,2,283.5,109
13968,4,585.66,273
13969,4,3100.81,280
13970,5,57303.64,72
13971,1,101.93,329
13972,1,2959.65,363
13973,2,5977.54,20
13974,1,145.21,330
13975,4,1121.4,128
13976,1,1484.58,297
13977,12,2925.55,318
13978,1,1483.17,169
13979,2,1542.09,132
13980,4,518.29,32
13981,9,944.26,325
13982,1,1513.76,365
13983,1,337.02,201
13984,2,815.91,13
13985,2,473.34,44
13986,4,1419.97,18
13987,6,107.87,338
13988,3,1408.86,287
13989,1,365.91,317
13990,1,882.34,268
13991,1,1487.71,88
13992,4,1017.44,20
13993,10,584.33,302
13994,4,1314.45,372
13995,1,1326.28,80
13996,4,701.08,360
13997,2,835.01,357
13999,2,380.58,265
14000,2,476.46,139
14001,7,376.97,296
14003,3,1844.63,276
14004,7,4191.42,162
14005,1,606.91,235
14006,2,2106.96,147
14007,3,4301.67,337
14008,4,2873.06,149
14009,2,475.34,288
14010,1,277.07,272
14011,2,2127.59,2
14012,1,271.17,356
14013,1,91.04,118
14014,2,186.41,364
14015,6,1727.0,331
14017,1,711.9,370
14018,7,675.8,240
14019,8,251.3,275
14020,1,637.61,275
14021,1,9806.84,86
14022,1,9486.61,184
14023,1,207.5,43
14024,4,901.2,366
14025,1,380.72,366
14026,1,336.15,312
14027,4,1959.24,134
14028,2,70.54,216
14029,1,1389.06,98
14030,4,1388.21,59
14031,1,394.21,62
14032,7,946.9,112
14033,3,165.02,253
14034,5,1703.21,363
14035,10,508.11,14
14036,6,324.24,32
14037,5,1341.51,335
14038,4,775.59,336
14039,1,317.88,287
14040,2,316.6,255
14041,1,770.09,3
14042,1,869.84,365
14043,1,2541.3,333
14044,1,1025.53,52
14045,5,2690.25,64
14046,2,80734.38,52
14047,1,289.15,282
14049,3,914.91,95
14050,4,7834.3,88
14051,1,533.12,370
14052,1,336.41,41
14054,2,1836.21,372
14055,10,199.4,140
14056,1,2094.38,269
14057,1,343.26,287
14058,2,219.11,367
14059,6,1159.03,252
14060,3,76.32,62
14061,1,2313.6,259
14062,3,346.01,316
14064,1,90.04,233
14065,1,333.13,318
14066,4,110.38,295
14067,1,1746.04,255
14068,1,251.23,90
14070,1,1223.85,372
14071,1,5200.56,224
14072,4,243.98,216
14073,3,922.25,371
14074,6,520.87,298
14075,5,3786.54,259
14076,1,225.84,307
14077,9,1269.9,23
14078,2,186.25,262
14079,4,20329.87,297
14080,4,12353.38,25
14081,2,4754.82,216
14082,6,272.43,365
14083,3,409.52,14
14084,3,169.25,105
14086,4,380.61,77
14087,8,1345.92,287
14088,1,151.84,295
14089,1,2314.82,185
14090,7,329.64,282
14092,4,567.71,63
14093,15,2472.58,273
14094,1,656.68,137
14095,1,302.3,306
14096,1,544.1,72
14097,10,93.79,335
14098,3,233.45,73
14099,2,754.75,195
14101,1,1509.72,332
14102,2,2634.39,104
14103,5,668.13,120
14104,4,173.96,266
14105,5,743.04,60
14106,3,532.66,112
14107,6,283.51,359
14108,1,1214.18,91
14109,2,2054.48,252
14110,1,503.27,244
14111,3,137.17,275
14112,2,91.17,361
14114,2,264.95,286
14115,1,259.33,303
14116,3,837.14,71
14117,7,2623.1,42
14118,2,230.4,142
14121,1,3627.15,359
14123,1,282.8,170
14124,1,804.48,30
14125,5,252.39,263
14126,2,1044.35,367
14127,6,349.04,371
14128,7,102.72,51
14129,1,40856.07,165
14130,1,307.8,296
14131,1,2228.3,186
14132,5,151.45,18
14133,2,471.65,232
14134,2,5039.31,198
14135,4,251.21,18
14136,3,961.93,370
14137,1,2833.7,281
14138,2,129.85,87
14139,1,533.46,44
14140,6,38024.13,291
14141,2,496.14,287
14142,1,425.12,361
14143,2,1871.54,46
14144,1,175.16,371
14145,1,439.58,321
14146,1,1795.48,189
14147,1,290.71,372
14148,1,4415.92,16
14149,1,2373.58,370
14150,2,199.21,364
14151,4,1070.41,366
14152,2,379.65,197
14153,1,3110.52,203
14155,2,557.13,200
14156,2,1341.09,52
14157,1,4510.4,262
14158,2,176.82,372
14159,2,3102.18,42
14160,1,368.74,359
14161,1,160.96,282
14162,2,4331.98,154
14163,10,281.72,371
14164,2,416.94,132
14165,3,203.14,17
14166,2,2226.59,36
14167,1,1010.16,238
14168,2,2885.63,139
14169,3,184.29,267
14170,1,946.74,160
14171,3,485.03,132
14172,1,360.01,288
14173,7,569.35,311
14175,2,3510.19,34
14176,1,2946.43,189
14177,1,1007.5,265
14178,2,228.96,37
14179,3,1064.16,204
14180,1,137.4,321
14181,2,691.53,226
14182,2,333.19,337
14183,2,2338.07,172
14184,5,380.58,92
14185,3,499.02,364
14186,2,1223.27,366
14187,5,393.5,324
14189,1,2354.93,295
14190,3,478.03,259
14191,4,1474.65,63
14192,5,325.98,9
14193,1,602.06,63
14194,2,131.89,337
14195,1,487.6,274
14196,1,461.15,190
14197,3,950.92,262
14198,5,9405.01,200
14199,4,291.29,263
14200,2,20308.1,252
14201,3,409.8,63
14202,4,508.5,338
14203,2,12233.17,43
14204,1,2048.57,280
14205,3,315.06,295
14206,30,2925.13,359
14207,6,215.71,158
14208,6,312.74,244
14209,2,1840.12,326
14210,1,2569.15,361
14211,8,785.03,283
14212,6,2877.77,287
14213,15,4775.08,372
14214,1,312.64,62
14215,2,692.0,80
14216,1,1864.6,367
14217,1,745.4,2
14218,2,110.87,95
14219,2,160.69,330
14220,4,470.76,337
14221,3,3440.42,317
14222,1,2611.74,25
14223,4,559.45,245
14224,1,684.34,370
14226,1,2940.52,70
14228,9,125.87,85
14229,2,147.32,329
14230,1,1936.43,77
14231,1,299.77,310
14232,2,623.72,314
14234,6,241.99,204
14235,5,180.62,329
14236,4,308.5,128
14237,2,1627.31,368
14238,1,276.89,220
14239,2,110.38,321
14240,2,148.25,141
14241,4,213.93,359
14242,2,327.86,60
14243,3,1206.83,240
14244,1,2044.46,193
14245,1,2045.95,16
14246,3,471.59,370
14247,1,4396.1,233
14248,1,1031.41,367
14249,1,2062.27,52
14250,6,475.31,219
14251,2,580.05,175
14252,1,3126.53,317
14253,4,3214.19,273
14254,2,121.18,70
14255,1,578.92,119
14256,1,823.35,361
14257,1,133.4,232
14258,1,876.04,333
14259,2,181.01,198
14260,6,2779.78,225
14261,17,2234.4,363
14262,1,330.19,368
14263,2,432.02,84
14264,9,225.93,367
14265,3,165.33,42
14268,3,90.25,176
14269,3,611.52,154
14270,1,120.97,353
14271,1,415.55,366
14272,1,2515.88,56
14273,9,4804.34,353
14274,1,719.81,62
14275,2,700.71,364
14276,8,139.32,330
14277,2,1010.37,188
14278,1,354.13,154
14279,3,1227.02,52
14280,1,1342.18,52
14281,2,320.44,360
14282,8,991.31,21
14283,4,9841.34,293
14285,5,135.82,83
14286,1,8888.51,287
14287,1,386.21,132
14288,3,1032.62,128
14289,1,195.26,87
14290,1,705.35,251
14292,5,1412.97,364
14293,2,628.75,254
14294,1,1247.2,276
14295,9,215.25,360
14296,1,816.88,23
14297,1,155.9,322
14298,1,1021.49,211
14299,2,264.65,149
14300,5,1544.72,70
14301,1,433.72,295
14303,8,1540.03,199
14304,5,282.02,176
14305,5,1044.38,225
14306,6,1304.77,95
14307,4,2172.13,79
14308,1,963.3,213
14309,1,271.0,213
14310,7,1109.38,176
14311,2,3674.53,274
14312,2,90.0,360
14313,2,1625.32,70
14314,2,154.24,268
14315,3,908.46,226
14316,8,209.29,209
14317,4,1284.77,175
14318,2,337.01,360
14319,1,4554.94,42
14320,1,1132.98,140
14321,1,168.88,368
14322,1,127.77,17
14323,5,290.72,311
14324,2,1353.59,308
14325,8,2578.2,52
14326,1,1418.03,275
14327,15,4100.87,33
14328,3,921.79,252
14329,1,158.46,311
14330,8,2474.79,35
14331,2,3032.03,316
14332,1,311.89,251
14333,3,3627.72,193
14334,4,320.46,274
14335,2,605.12,64
14336,5,954.49,191
14337,2,786.48,370
